reg_num,name,type,settlement,oblast,municipality
С-38902-011,"Стадион ""Белмекен""",Стадион,с. Костенец,София,Костенец
С-10135-060,"Гребна база ""Черно море - Бриз-кану каяк""",Спортна база,гр. Варна,Варна,Варна
С-51319-006,Спортно игрище,Спортна площадка,гр. Неделино,Смолян,Неделино
С-55871-012,"Спортна зала ""Металург"", гр. Перник, кв. Изток, Промишлена зона ""Стомана"", ул. ""Орион"" № 7",Спортна база,гр. Перник,Перник,Перник
С-66264-029,"Комбинирана спортна площадка на открито за футбол, волейбол, хандбал и тенис на корт",Спортна площадка,с. Бошуля,Пазарджик,Септември
С-51319-008,Спортно игрище,Спортна площадка,гр. Неделино,Смолян,Неделино
С-56784-109,"Спортни зали, разположени в стадион ""Локомотив""",Спортна зала,гр. Пловдив,Пловдив,Пловдив
С-56784-105,"Спортна зала по стрелба към стадион ""Христо Ботев""",Стрелбище,гр. Пловдив,Пловдив,Пловдив
С-35523-011,"Автомобилна писта ""Дракон""",Писта,с. Калояново,Пловдив,Калояново
С-00702-037,"Гребна база ""40-те извора""",Спортна база,с. Мулдава,Пловдив,Асеновград
С-68134-401,Национален шахдом - София,Друг,гр. София,София (столица),Столична
С-62997-002,"Стадион ""Искър""",Друг,гр. Роман,Враца,Роман
С-62997-003,Игрище за тенис корт и волейбол,Друг,гр. Роман,Враца,Роман
С-62997-004,Игрище за футбол,Друг,гр. Роман,Враца,Роман
С-05815-008,"Спортно-тренировъчен комплекс - Ботевград, помощно игрище с изкуствена трева ""Герена""",Друг,гр. Ботевград,София,Ботевград
С-72624-031,"Стадион ""Пионер""",Друг,гр. Добрич,Добрич,Добрич
С-68134-400,Спортен комплекс в с. Кубратово,Друг,,София,
С-72165-019,Писта за картинг и моторни спортове,Друг,гр. Твърдица,Сливен,Твърдица
С-67800-007,"Спортна зала - м. ""Атия""",Друг,гр. Черноморец,Бургас,Созопол
С-67800-006,Лодъчна станция,Друг,гр. Черноморец,Бургас,Созопол
С-35167-030,Мини футболно игрище и спортна площадка,Друг,гр. Казанлък,Стара Загора,Казанлък
С-35167-032,Стадион в с. Енина,Друг,с. Енина,Стара Загора,Казанлък
С-35167-031,Стадион - с. Шейново,Друг,с. Шейново,Стара Загора,Казанлък
С-03616-013,Многофункционална спортна зала - Белоградчик,Спортна зала,гр. Белоградчик,Видин,Белоградчик
С-80371-008,Мини Футболно игрище - гр. Чепеларе,Игрище,гр. Чепеларе,Смолян,Чепеларе
С-67338-032,Спортна площадка за скейтборд,Друг,гр. Сливен,Сливен,Сливен
С-23409-007,Игрище за минифутбол и волейбол,Спортен комплекс,гр. Драгоман,София,Драгоман
С-65231-041,Писта за ролбан - гр. Самоков,Друг,,София,
С-02508-027,Лекоатлетически полигон за хвърляне,Друг,гр. Балчик,Добрич,Балчик
С-55052-019,Покрит плувен басейн,Басейн,гр. Павликени,Велико Търново,Павликени
С-10971-006,Стадион в с. Иново,Стадион,с. Иново,Видин,Видин
С-63427-052,Спортен салон за нуждите на спортните клубове по бокс,Друг,гр. Русе,Русе,Русе
С-56784-102,"Спортна база в ОУ ""Димитър Талев"" - гр. Пловдив",Училищна спортна база,гр. Пловдив,Пловдив,Пловдив
С-03592-007,Спортна зала - гр. Белово,Друг,гр. Белово,Пазарджик,Белово
С-03592-008,"Спортна база - СУ ""Александър Иванов - Чапай""",Друг,гр. Белово,Пазарджик,Белово
С-37798-019,Стадион Козлодуй,Друг,гр. Козлодуй,Враца,Козлодуй
С-55155-018,Детска спортна площадка,Друг,гр. Сърница,Пазарджик,Сърница
С-77181-018,Открита спортна площадка - гр. Харманли,Игрище,гр. Харманли,Хасково,Харманли
С-67338-014,"СЗ ""Вдигане на тежести"" с два тенис корта",Спортна зала,гр. Сливен,Сливен,Сливен
С-58222-010,"СУ ""Черноризец Храбър"" -  Физкултурен салон",Училищна спортна база,гр. Велики Преслав,Шумен,Велики Преслав
Т-58222-001,Туристическа спалня,Туристическа база,гр. Велики Преслав,Шумен,Велики Преслав
С-58222-001,Спортна зала,Спортна зала,гр. Велики Преслав,Шумен,Велики Преслав
С-38902-007,"Тренировъчен комплекс ""Бенковски""",Комплекс от спортни сгради,гр. Костенец,София,Костенец
С-77181-009,Тенис комплекс,Спортен комплекс,гр. Харманли,Хасково,Харманли
С-61577-006,Спортен терен,Игрище,с. Стефаново,Перник,Радомир
С-66425-021,"ОУ ""Отец Паисий"" - гр. Силистра",Друг,гр. Силистра,Силистра,Силистра
С-66425-022,"ОУ ""Отец Паисий""- гр. Силистра",Друг,гр. Силистра,Силистра,Силистра
С-66425-020,"ОУ ""Отец Паисий"" - гр. Силистра",Друг,гр. Силистра,Силистра,Силистра
С-17974-010,"ДГ № 113 ""Преспа"" - площадка № 5",Друг,гр. София,София (столица),Столична
С-17974-009,"ДГ № 113 ""Преспа"" - площадка № 4",Друг,гр. София,София (столица),Столична
С-17974-008,"ДГ № 113 ""Преспа"" - площадка № 3",Друг,гр. София,София (столица),Столична
С-17974-007,"ДГ № 113 ""Преспа"" - площадка № 2",Друг,гр. София,София (столица),Столична
С-17974-006,"ДГ № 113 ""Преспа"" - площадка № 1",Друг,гр. София,София (столица),Столична
С-22006-001,"Стадион ""Левски""",Стадион,гр. Долна баня,София,Долна баня
С-39846-011,Ученически спортен комплекс,Комплекс от спортни сгради,гр. Криводол,Враца,Криводол
С-30778-005,"Спортна площадка в бившо ТВУ ""Виолета Якова""",Спортна площадка,с. Враня стена,Перник,Земен
Т-30778-004,"Земенски манастир с църквата  ""Св.Йоан Богослов""",Туристическа база,гр. Земен,Перник,Земен
Т-30778-003,"Открита фитнес площадка на втори бивак по еко пътека ""Земенски пролом""",Еко пътека,гр. Земен,Перник,Земен
С-30778-001,"Спортен комплекс на ФК ""Пирин""",Спортен комплекс,гр. Земен,Перник,Земен
Т-30778-001,Туристически информационен център,Туристическа база,гр. Земен,Перник,Земен
Т-30778-002,"Еко пътека ""Земенски пролом"" -местност Орлово гнездо до първи тунел на жп линията София-кюстендил",Еко пътека,гр. Земен,Перник,Земен
С-30778-004,Игрище в с. Габров дол,Игрище,с. Габровдол,Перник,Земен
С-30778-002,"СУ ""Св.св.Кирил и Методий""",Училищна спортна база,гр. Земен,Перник,Земен
С-58030-003,Комбинирани спортни площадки - гр. Правец,Спортна площадка,гр. Правец,София,Правец
С-56784-101,"Спортна зала в район ""Тракия"" - гр. Пловдив",Спортна зала,гр. Пловдив,Пловдив,Пловдив
С-66425-018,Зала за спортно-тренировъчни дейности,Друг,гр. Силистра,Силистра,Силистра
С-38902-006,Спортна площадка- баскетболно игрище - гр. Костенец.,Игрище,гр. Костенец,София,Костенец
С-72343-026,Стадион в с. Галата,Стадион,с. Галата,Ловеч,Тетевен
С-72343-025,Стадион в с. Градежница,Игрище,с. Градежница,Ловеч,Тетевен
С-72343-023,Спортен комплекс с плувен басейн,Спортен комплекс,с. Гложене,Ловеч,Тетевен
С-72343-022,"Спортно-развлекателен център ""Тетевен 2009""",Спортен комплекс,гр. Тетевен,Ловеч,Тетевен
С-72343-020,"Спортна площадка при НУ ""Любен Каравелов""",Игрище,с. Бабинци,Ловеч,Тетевен
С-72343-017,"Спортна площадка към ОУ ""Васил Левски""",Игрище,с. Български извор,Ловеч,Тетевен
С-72343-016,"Спортна площадка ОУ ""Васил Априлов""",Игрище,с. Градежница,Ловеч,Тетевен
С-72343-015,"Спортна площадка при ОУ ""Йото Врачев""",Игрище,с. Гложене,Ловеч,Тетевен
С-72343-013,"Спортна площадка към ОУ ""Христо Ботев""",Игрище,с. Глогово,Ловеч,Тетевен
С-72343-010,"Спортна площадка към НУ ""Хаджи Генчо"" -физкултурен салон",Друг,гр. Тетевен,Ловеч,Тетевен
С-43952-018,"Спортна площадка към НУ ""Хаджи Генчо"" - футболно игрище",Игрище,гр. Тетевен,Ловеч,Тетевен
С-56722-057,"ОУ ""Д-р Петър Берон""/Спортно игрище за баскетбол",Игрище,гр. Плевен,Плевен,Плевен
С-56722-060,"ОУ ""Д-р Петър Берон""/ Пътека за бягане",Друг,гр. Плевен,Плевен,Плевен
С-56722-056,"ОУ ""Д-р Петър Берон""/Спортно игрище за футбол",Игрище,гр. Плевен,Плевен,Плевен
С-56722-054,"ОУ ""Д-р Петър Берон""/Спортно игрище за футбол",Игрище,гр. Плевен,Плевен,Плевен
С-56722-053,"ОУ ""Д-р Петър Берон""/ Спортна площадка",Спортна площадка,гр. Плевен,Плевен,Плевен
С-56722-059,"ОУ ""Д-р Петър Берон""/Спортна площадка",Спортна площадка,гр. Плевен,Плевен,Плевен
С-56722-052,"ОУ ""Д-р Петър Берон""/Спортно игрище за волейбол",Игрище,гр. Плевен,Плевен,Плевен
С-56722-051,"ОУ ""Д-р Петър Берон""/Спортно игрище",Игрище,гр. Плевен,Плевен,Плевен
С-56722-058,"ОУ ""Д-р Петър Берон""/Спортно игрище за спортни игри",Игрище,гр. Плевен,Плевен,Плевен
С-12259-038,Тренирочъчни помещения за автомоделни спортове,Спортна зала,гр. Враца,Враца,Враца
С-12259-037,Зала за тенис на маса,Спортна зала,гр. Враца,Враца,Враца
С-56784-100,Многофункционална спортна зала,Спортна зала,гр. Пловдив,Пловдив,Пловдив
С-68134-398,Университет по библиотекознание и информационни технологии,Спортна площадка,гр. София,София (столица),Столична
С-12259-036,Зала за кикбокс,Спортна зала,гр. Враца,Враца,Враца
С-68850-013,"Общинска спортна зала ""Иван Вазов""",Спортна зала,гр. Стара Загора,Стара Загора,Стара Загора
С-56722-049,"Незастроен урегулиран поземлен имот, съставляващ УПИ X, кв. 841,  отреден „за тренировъчно игрище“",Игрище,гр. Плевен,Плевен,Плевен
С-56722-050,"Урегулиран поземлен имот, съставляващ УПИ IX, кв. 841, отреден „за тренировъчно игрище“",Игрище,гр. Плевен,Плевен,Плевен
С-12259-035,Спортна площадка в село Згориград,Спортна площадка,с. Згориград,Враца,Враца
С-48489-029,"VII СОУ ""Асен Златаров"" и VIII СОУ ""Отец Паисий""",Училищна спортна база,гр. Монтана,Монтана,Монтана
С-48489-031,"ПМГ ""Св. Климент Охридски"" и ГПЧЕ ""Петър Богдан""",Училищна спортна база,гр. Монтана,Монтана,Монтана
С-48489-030,"IX СОУ ""Йордан Радичков""",Училищна спортна база,гр. Монтана,Монтана,Монтана
С-48489-028,"V СОУ ""Христо Ботев""",Училищна спортна база,гр. Монтана,Монтана,Монтана
С-48489-027,"III ОУ ""Д-р Петър Берон"" и IV ОУ ""Иван Вазов""",Училищна спортна база,гр. Монтана,Монтана,Монтана
С-48489-026,"II СОУ ""Никола Вапцаров""",Училищна спортна база,гр. Монтана,Монтана,Монтана
С-48489-025,"I ОУ ""Св. Св. Кирил и Методий"" и VI ОУ ""Любен Каравелов""",Училищна спортна база,гр. Монтана,Монтана,Монтана
С-72165-003,Стадион с.Сборище,Стадион,с. Сборище,Сливен,Твърдица
С-67338-031,"Басейн в ХІІ-то ОУ ""Елисавета Багряна""",Басейн,гр. Сливен,Сливен,Сливен
С-24030-021,"Основно училище ""Св. св. Кирил и Методий""",Административна сграда,с. Правда,Силистра,Дулово
С-24030-022,"Основно училище ""Св. св. Кирил и Методий""",Административна сграда,с. Черник,Силистра,Дулово
С-61710-012,"Плувен басейн в ОУ ""Ив. С. Тургенев""",Басейн,гр. Разград,Разград,Разград
С-14711-020,Игрище за мини футбол,Игрище,,Добрич,
С-10447-041,"""Обществено-обслужваща сграда"" по предназначение ""За спортни зали, офиси, лекарски кабинет"" (Спортен комплекс ""Ивайло-ЗАПАД""",Спортен комплекс,гр. Велико Търново,Велико Търново,Велико Търново
С-05027-006,"Спортна база към СОУ ""Летец Христо Топракчиев"" - гр. Божурище",Спортна база,гр. Божурище,София,Божурище
С-10135-055,"ж.к ""Младост""",Спортен комплекс,гр. Варна,Варна,Варна
С-10135-054,Ж.к Младост,Спортен комплекс,гр. Варна,Варна,Варна
С-51809-030,"СПОРТНА ЗАЛА ""МЛАДОСТ""",Спортна зала,гр. Нова Загора,Сливен,Нова Загора
С-68850-012,"Общинска спортна зала ""стара загора "" бивша ДЗУ",Спортна зала,гр. Стара Загора,Стара Загора,Стара Загора
С-40909-004,"Спортна зала в Комплекс ""Арпезос""",Спортен комплекс,гр. Кърджали,Кърджали,Кърджали
С-40909-002,"Стадион ""Горубсо""",Стадион,гр. Кърджали,Кърджали,Кърджали
С-40909-001,"Стадион ""Дружба""",Стадион,гр. Кърджали,Кърджали,Кърджали
С-40909-006,Борцов салон - с.Стремци,Спортен салон,гр. Кърджали,Кърджали,Кърджали
С-56784-080,Зала по борба - район Западен,Спортна зала,гр. Пловдив,Пловдив,Пловдив
С-27382-008,Спортен комплекс,Спортен комплекс,гр. Елхово,Ямбол,Елхово
С-63427-051,"Сгради в Лесопарк ""Липник""",Административна сграда,,Русе,
С-63427-050,Обект за спортна и развлекателна дейност,Административна сграда,гр. Русе,Русе,Русе
С-56784-096,Спортна зала в района на Спортно училище,Спортна зала,гр. Пловдив,Пловдив,Пловдив
С-44793-009,П.Р.Славейков,Спортна площадка,с. Джулюница,Велико Търново,Лясковец
С-65677-001,"""БУРДЕНИС""",Стадион,гр. Свиленград,Хасково,Свиленград
С-56277-008,Спортно Игрище,Игрище,гр. Пещера,Пазарджик,Пещера
С-2216-005,Открити спортни съоръжения към НСА,Училищна спортна база,гр. София,София (столица),Столична
С-58030-001,физкултурен салон №1,Училищна спортна база,гр. Правец,София,Правец
С-56784-098,Тенис кортове - Хълм на освободителите,Спортна площадка,гр. Пловдив,Пловдив,Пловдив
С-73626-040,"""Работнически"" спортен комплекс",Спортна зала,гр. Търговище,Търговище,Търговище
С-73626-039,"""Работнически"" спортен комплекс",Игрище,гр. Търговище,Търговище,Търговище
С-58030-002,Физкултурен салон №2,Училищна спортна база,гр. Правец,София,Правец
С-56784-095,Стара гребна база,Спортна база,гр. Пловдив,Пловдив,Пловдив
С-56784-094,"Фитнес при Плувен басейн ""Младост""",Спортна зала,гр. Пловдив,Пловдив,Пловдив
С-56784-093,Малък градски стадион,Спортна база,гр. Пловдив,Пловдив,Пловдив
С-56784-090,Тенис корт на ул.Ясна поляна,Спортна база,гр. Пловдив,Пловдив,Пловдив
С-56784-089,"Спортна база при ОУ ""Братя Миладинови"" - 3",Спортна база,гр. Пловдив,Пловдив,Пловдив
С-56784-088,"Спортна база при ОУ ""Братя Миладинови"" - 2",Спортна база,гр. Пловдив,Пловдив,Пловдив
С-56784-087,"Спортна база при ОУ ""Братя Миладинови""-1",Спортна база,гр. Пловдив,Пловдив,Пловдив
С-56784-086,Игрище плажен волейбол,Игрище,гр. Пловдив,Пловдив,Пловдив
С-56784-085,Хангари - гребни спортове,Спортна база,гр. Пловдив,Пловдив,Пловдив
С-55052-018,Спортна площадка,Спортна площадка,,Велико Търново,
С-55052-017,Физкултирен салон,Спортен салон,с. Батак,Велико Търново,Павликени
С-55052-016,Физкултурен салон,Спортен салон,гр. Павликени,Велико Търново,Павликени
С-55052-015,Физкултурен салон,Спортен салон,гр. Бяла черква,Велико Търново,Павликени
С-55052-012,физкултурен салон,Спортен салон,с. Недан,Велико Търново,Павликени
С-55052-013,Физкултурен салон,Спортен салон,с. Върбовка,Велико Търново,Павликени
С-55052-014,Физкултурен салон,Спортен салон,гр. Павликени,Велико Търново,Павликени
С-77195-002,"Зона за спорт и отдих ""Куба""",Спортен комплекс,гр. Хасково,Хасково,Хасково
С-47714-009,"Спортна площадка на СОУ ""Иван Вазов""",Спортна площадка,гр. Мездра,Враца,Мездра
С-27632-009,Футболно игрище,Игрище,гр. Етрополе,София,Етрополе
С-27632-005,"ОУ ""СВ. СВ. КИРИЛ И МЕТОДИЙ"" с. Брусен",Училищна спортна база,с. Брусен,София,Етрополе
С-72343-004,Футболен стадион в с.Градежница,Стадион,с. Градежница,Ловеч,Тетевен
С-72343-007,Футболен стадион - с.Глогово,Стадион,с. Глогово,Ловеч,Тетевен
С-72343-006,"Футболен стадион ""Олимпик"" - с.Галата",Стадион,с. Галата,Ловеч,Тетевен
С-72343-005,Спортен комплекс -с.Гложене,Спортен комплекс,с. Гложене,Ловеч,Тетевен
С-73626-075,"СОУ за деца с увреден слух ""Св. Иван Рилски""",Училищна спортна база,гр. Търговище,Търговище,Търговище
С-73626-074,"СОУ за деца с увреден слух ""Св. Иван Рилски""",Спортна площадка,гр. Търговище,Търговище,Търговище
С-12259-034,Професионална гимназия по търговия е ресторантьорство,Училищна спортна база,гр. Враца,Враца,Враца
С-58222-011,"ОУ""Св.св.Кирил и Методий"" -  Физкултурен салон",Училищна спортна база,гр. Велики Преслав,Шумен,Велики Преслав
С-58222-013,Професионална Гимназия по Селско Стопанство-Физкултурен салон,Училищна спортна база,гр. Велики Преслав,Шумен,Велики Преслав
С-55155-011,"Тенис база в местността ""Писковец""",Спортна площадка,гр. Пазарджик,Пазарджик,Пазарджик
С-58222-012,"ОУ""Св.св.Кирил и Методий"" - с.Драгоево",Училищна спортна база,с. Драгоево,Шумен,Велики Преслав
С-58222-014,"ПТГ ""Симеон Велики""-Физкултурен салон",Училищна спортна база,гр. Велики Преслав,Шумен,Велики Преслав
С-55155-005,"Спортен комплекс ""Хебър""",Спортен комплекс,гр. Пазарджик,Пазарджик,Пазарджик
С-55155-010,Работнически  спортен комплекс,Спортен комплекс,гр. Пазарджик,Пазарджик,Пазарджик
С-55155-012,"Колодрум - остров ""Свобода""",Колодрум,гр. Пазарджик,Пазарджик,Пазарджик
С-55155-008,Градски плаж,Плувен комплекс,гр. Пазарджик,Пазарджик,Пазарджик
С-51723-011,Футболно игрище,Стадион,гр. Никопол,Плевен,Никопол
С-51723-010,Футболно игрище,Стадион,с. Бацова махала,Плевен,Никопол
С-51723-009,Футболно игрище,Стадион,с. Любеново,Плевен,Никопол
С-51723-008,Футболно игрище,Стадион,с. Санадиново,Плевен,Никопол
С-51723-007,Футболно игрище,Стадион,с. Черковица,Плевен,Никопол
С-51723-006,Футболно игрище,Стадион,с. Новачене,Плевен,Никопол
С-51723-005,Футболно игрище,Стадион,с. Асеново,Плевен,Никопол
С-51723-004,Футболно игрище,Стадион,с. Муселиево,Плевен,Никопол
С-51723-003,Футболно игрище,Стадион,с. Дебово,Плевен,Никопол
С-51723-002,Футболно игрище,Стадион,с. Въбел,Плевен,Никопол
С-51723-001,Футболно игрище,Стадион,с. Драгаш войвода,Плевен,Никопол
С-73626-073,"ПГ ПО ИКОНОМИЧЕСКА ИНФОРМАТИКА ""Джон Атанасов""",Училищна спортна база,гр. Търговище,Търговище,Търговище
С-73626-072,"ПГ ПО ИКОНОМИЧЕСКА ИНФОРМАТИКА ""Джон Атанасов""",Училищна спортна база,гр. Търговище,Търговище,Търговище
С-73626-071,Професионална гимназия по земеделие,Училищна спортна база,гр. Търговище,Търговище,Търговище
С-73626-032,Професионална гимназия по земеделие,Училищна спортна база,гр. Търговище,Търговище,Търговище
С-87299-004,Училище в с. Комощица,Училищна спортна база,с. Комощица,Монтана,Якимово
С-87299-003,Стадион,Стадион,с. Якимово,Монтана,Якимово
С-87299-002,Стадион,Стадион,с. Дългоделци,Монтана,Якимово
С-87299-001,Стадион,Стадион,с. Комощица,Монтана,Якимово
С-87299-005,"ОУ ""Д-р Петър Берон""",Училищна спортна база,с. Якимово,Монтана,Якимово
С-73626-004,"Стадион ""Димитър Бурков""",Стадион,гр. Търговище,Търговище,Търговище
С-53552-013,"недвижим имот представляващ спортна площадка към ОУ ""Васил Левски"" с. Крепча.",Спортна площадка,с. Крепча,Търговище,Опака
С-73626-063,"Учебно тренировъчен център ""спортна стрелба""",Спортна база,гр. Търговище,Търговище,Търговище
С-73626-005,"Учебно тренировъчен център ""гимнастическа зала""",Спортна зала,гр. Търговище,Търговище,Търговище
С-73626-062,"Учебно тренировъчен център ""борцова зала""",Спортна зала,гр. Търговище,Търговище,Търговище
С-73626-026,"ОУ ""Хр. Ботев"" с. Руец",Училищна спортна база,с. Руец,Търговище,Търговище
С-73626-023,"ОУ ""Паисий Хилендарски"", с. Надарево",Училищна спортна база,с. Надарево,Търговище,Търговище
С-67800-005,Стадион,Стадион,гр. Созопол,Бургас,Созопол
С-73626-064,"Спортен комплекс ""Неделчо Камов"" - футболен стадион",Спортен комплекс,гр. Търговище,Търговище,Търговище
С-14516-007,Спортна плащадка,Спортна площадка,с. Звегор,Шумен,Хитрино
С-14516-012,Физкултурен салон СОУ,Училищна спортна база,с. Хитрино,Шумен,Хитрино
С-14516-010,Физкултурен салон ОУ,Училищна спортна база,с. Живково,Шумен,Хитрино
С-14516-001,Футболно игрище,Игрище,с. Трем,Шумен,Хитрино
С-14516-009,Футболно игрище,Игрище,с. Черна,Шумен,Хитрино
С-14516-006,Футболно игрище,Игрище,с. Тимарево,Шумен,Хитрино
С-14516-004,Мултифункционална спортна площадка,Спортна площадка,с. Тимарево,Шумен,Хитрино
С-14516-005,Мултифункционална спортна площадка,Спортна площадка,с. Тимарево,Шумен,Хитрино
С-14516-003,Спортна плащадка,Спортна площадка,с. Хитрино,Шумен,Хитрино
С-14516-011,Спортна площадка ОУ,Спортна площадка,с. Живково,Шумен,Хитрино
С-14516-013,Спортна площадка СОУ,Спортна площадка,с. Хитрино,Шумен,Хитрино
С-14516-008,Стадион,Стадион,с. Каменяк,Шумен,Хитрино
С-14516-002,Стадион,Стадион,с. Студеница,Шумен,Хитрино
С-73626-069,"Спортен комплекс ""Неделчо Камов"" - зала тенис на маса",Спортен комплекс,гр. Търговище,Търговище,Търговище
С-73626-003,"Спортен комплекс ""Неделчо Камов"" - зала бокс-кик-бокс",Спортен комплекс,гр. Търговище,Търговище,Търговище
С-73626-006,"Младежки дом - спортна площадка ""Стадиончето""",Спортна площадка,гр. Търговище,Търговище,Търговище
С-73626-068,"Училище ""Христо Ботев",Спортна площадка,гр. Търговище,Търговище,Търговище
С-73626-067,"Училище ""Христо Ботев",Спортна площадка,гр. Търговище,Търговище,Търговище
С-73626-066,"Училище ""Христо Ботев",Спортна площадка,гр. Търговище,Търговище,Търговище
С-73626-060,"Училище ""Христо Ботев",Стартова площадка,гр. Търговище,Търговище,Търговище
С-73626-013,"Училище ""Христо Ботев""",Зала за обща физическа подготовка,гр. Търговище,Търговище,Търговище
С-73626-059,"Училище ""Христо Ботев""",Зала за обща физическа подготовка,гр. Търговище,Търговище,Търговище
С-83510-010,Стадион  с.Царев брод,Спортна база,с. Царев брод,Шумен,Шумен
С-73626-065,"ОУ ""Г.С. Раковски"" с. Голямо ново",Училищна спортна база,с. Голямо ново,Търговище,Търговище
С-73626-022,"ОУ ""Г.С. Раковски"" с. Голямо ново",Училищна спортна база,с. Голямо ново,Търговище,Търговище
С-73626-030,"ОУ ""Хр. Ботев"", с. Вардун",Училищна спортна база,с. Вардун,Търговище,Търговище
С-73626-024,"ОУ ""Св. Св. Кирил и методий"", с. Драгановец",Училищна спортна база,с. Драгановец,Търговище,Търговище
С-73626-051,"ПУИ ""Д-р Петър Берон""",Фитнес зала,гр. Търговище,Търговище,Търговище
С-73626-049,"ПУИ ""Д-р Петър Берон""",Спортна база,гр. Търговище,Търговище,Търговище
С-57649-009,Стадион - с. Славяново,Стадион,с. Славяново,Търговище,Попово
С-57649-008,Стадион,Стадион,с. Ломци,Търговище,Попово
С-57649-003,Плувен басейн,Басейн,гр. Попово,Търговище,Попово
С-57649-018,"Основно училище ""Христо Ботев"" с. Ломци",Училищна спортна база,с. Ломци,Търговище,Попово
С-57649-016,"Основно училище ""Св. св. Кирил и Методий"" с. Зараево",Училищна спортна база,с. Зараево,Търговище,Попово
С-57649-015,"Основно училище ""Отец Паисий"" с. Водица",Училищна спортна база,с. Водица,Търговище,Попово
С-57649-021,"Основно училище ""Васил Левски"" с. Славяново",Училищна спортна база,с. Славяново,Търговище,Попово
С-57649-007,Летен театър,Спортна площадка,гр. Попово,Търговище,Попово
С-57649-011,"Гимназия ""Христо Ботев"" гр. Попово - Физкултурен салон",Училищна спортна база,гр. Попово,Търговище,Попово
С-02676-014,"Стадион ""Св.Петър""- Банско",Стадион,гр. Банско,Благоевград,Банско
С-02676-010,спортна площадка- пл. Трети март,Спортна площадка,гр. Банско,Благоевград,Банско
С-02676-016,спортна площадка на ул. България,Спортна площадка,гр. Банско,Благоевград,Банско
С-02676-007,Спортна площадка - пл. Оборище,Спортна площадка,гр. Банско,Благоевград,Банско
С-67708-003,Градски стадион в гр. Смядово,Стадион,гр. Смядово,Шумен,Смядово
С-51651-005,Стадион село Пет могили,Стадион,с. Пет могили,Шумен,Никола Козлево
С-51651-004,Спортен терен село Никола Козлево,Игрище,с. Никола Козлево,Шумен,Никола Козлево
С-00518-005,"Физкултурен салон - ОУ ""Христо Смирненски ""- с.Добротица",Училищна спортна база,с. Добротица,Търговище,Антоново
С-00518-003,"Физкултурен салон - ОУ ""Никола Й. Вапцаров""- с.Трескавец",Училищна спортна база,с. Трескавец,Търговище,Антоново
С-00518-002,"Физкултурен салон - СОУ ""Св.Св. Кирил и Методий"" - гр.Антоново",Училищна спортна база,гр. Антоново,Търговище,Антоново
С-00518-006,"Волейболно игрище - СОУ ""Св. Св. Кирил и Методий""- гр.Антоново",Училищна спортна база,гр. Антоново,Търговище,Антоново
С-51651-003,Футболно игрище със съблекалня село Хърсово,Игрище,с. Хърсово,Шумен,Никола Козлево
С-51651-006,Спортно игрище,Игрище,с. Каравелово,Шумен,Никола Козлево
С-57649-010,Спартна база Садина,Спортна база,с. Садина,Търговище,Попово
С-43236-014,Футболен стадион и сграда - село Малчика,Стадион,с. Малчика,Плевен,Левски
С-43236-021,Футболен стадион и сграда - село Козар Белене,Стадион,с. Козар Белене,Плевен,Левски
С-43236-020,Футболен стадион и сграда - село Изгрев,Стадион,с. Изгрев,Плевен,Левски
С-43236-013,Футболен стадион - село Градище,Стадион,с. Градище,Плевен,Левски
С-43236-016,Футболен стадион и сгради - село Трънчовица,Стадион,с. Трънчовица,Плевен,Левски
С-43236-009,Футболен стадион и сграда - село Българене,Стадион,с. Българене,Плевен,Левски
С-43236-010,Футболен стадион и сграда - село Асеновци,Стадион,с. Асеновци,Плевен,Левски
С-43236-015,Футболен стадион - с. Обнова,Стадион,с. Обнова,Плевен,Левски
С-43236-002,ФУТБОЛЕН СТАДИОН - град Левски,Спортен комплекс,гр. Левски,Плевен,Левски
С-43236-017,Физкултурен салон- село Трънчовица,Училищна спортна база,с. Трънчовица,Плевен,Левски
С-43236-007,"Физкултурен салон на ОУ ""Христо Ботев"" с. Българене",Училищна спортна база,с. Българене,Плевен,Левски
С-43236-018,"Физкултурен салон на ОУ ""Неофит Рилски"" - с.Обнова",Училищна спортна база,с. Обнова,Плевен,Левски
С-43236-004,"Физкултурен салон - СОУ ""Крум Попов"" - гр. Левски",Училищна спортна база,гр. Левски,Плевен,Левски
С-43236-003,Спортен комплекс  - град Левски,Спортен комплекс,гр. Левски,Плевен,Левски
С-43236-022,Футболен стадион - село Варана,Стадион,с. Варана,Плевен,Левски
С-43236-019,Футболен стадион и съблекалня - село Стежерово,Стадион,с. Стежерово,Плевен,Левски
С-43236-012,Футболен стадион - с. Аспарухово,Стадион,с. Аспарухово,Плевен,Левски
С-43236-005,Физкултурен салон на ОУ „Максим Горки“,Училищна спортна база,гр. Левски,Плевен,Левски
С-43236-011,"Физкултурен салон - ОУ ""Христо Ботев"" село Асеновци",Училищна спортна база,с. Асеновци,Плевен,Левски
С-43236-006,"Физкултурен салон - НУ ""Христо Ботев"" град Левски",Училищна спортна база,гр. Левски,Плевен,Левски
С-43236-008,Спортна зала за хандбал - с. Българене,Спортна зала,с. Българене,Плевен,Левски
С-10450-022,"Спортна площадка  към  СОУ "" Кирил и Методий"" г. Сърница",Спортна площадка,гр. Сърница,Пазарджик,Сърница
С-65334-007,Спортен комплекс,Спортен комплекс,гр. Мелник,Благоевград,Сандански
С-65334-005,Стадион,Стадион,с. Петрово,Благоевград,Сандански
С-65334-009,Стадион,Стадион,с. Ново Делчево,Благоевград,Сандански
С-65334-003,Стадион,Стадион,с. Струма,Благоевград,Сандански
С-65334-008,Стадион,Стадион,с. Склаве,Благоевград,Сандански
С-10450-021,"Спортна площадка към СОУ ""М. Драгинов"" с. Драгиново",Спортна площадка,с. Драгиново,Пазарджик,Велинград
С-65334-012,Стадион,Стадион,с. Катунци,Благоевград,Сандански
С-65334-004,Спортен комплекс,Спортен комплекс,с. Вълково,Благоевград,Сандански
С-65334-006,Спортен комплекс,Спортен комплекс,с. Дамяница,Благоевград,Сандански
С-65766-003,"Спортен комплекс ""Свищов""",Игрище,гр. Свищов,Велико Търново,Свищов
С-10450-020,"Спортна площадка към СОУ ""Христо Смирненски"" с. Света Петка",Спортна площадка,с. Света Петка,Пазарджик,Велинград
С-10450-019,"Физкултурен салон СОУ"" Христо Смирненски"" -  с.Света Петка",Спортен салон,с. Света Петка,Пазарджик,Велинград
Т-56277-001,"Почивен дом ""Родопи""",Туристическа база,,Пазарджик,
С-10450-018,"Физкултурен салон  ОУ  ""Георги Бенковски"" - г. Велинград",Спортен салон,гр. Велинград,Пазарджик,Велинград
С-10450-017,"Зимен стадион ""Юндола""",Стадион,с. Юндола,Пазарджик,Велинград
С-10450-016,"Ски писта ""Юндола""",Писта,с. Юндола,Пазарджик,Велинград
С-10450-015,"Спортна площадка към СОУ ""Кирил и Методий"" - Велинград",Спортна площадка,гр. Велинград,Пазарджик,Велинград
С-10450-014,"Физкултурен салон  СОУ ""Кирил и Методий""- Велинград",Спортен салон,гр. Велинград,Пазарджик,Велинград
С-10450-013,"Игрище  СОУ ""Кирил и Методий""- Велинград",Игрище,гр. Велинград,Пазарджик,Велинград
С-10450-009,"Спортна зала към СОУ ""Кирил и Методий"" г.Сърница",Спортна зала,гр. Сърница,Пазарджик,Сърница
С-10450-012,"Спортна площадка - ОУ ""Н.РИЛСКИ"" Велинград",Спортна площадка,гр. Велинград,Пазарджик,Велинград
С-10450-011,"Физкултурен салон - ОУ ""Неофит Рилски""",Спортен салон,гр. Велинград,Пазарджик,Велинград
С-44327-002,Стадион,Стадион,гр. Луковит,Ловеч,Луковит
С-44327-004,Стадион,Стадион,с. Дерманци,Ловеч,Луковит
С-10450-010,"Физкултурен салон към СОУ""Кирил и Методий""-г. Сърница",Спортен салон,гр. Сърница,Пазарджик,Сърница
С-10450-008,"Футболно игрище, г. Сърница",Спортна база,гр. Сърница,Пазарджик,Сърница
С-56722-010,Картинг писта,Писта,гр. Плевен,Плевен,Плевен
С-10135-053,"Гимназия с преподаване на чужди езици ""Йоан Екзарх""",Училищна спортна база,гр. Варна,Варна,Варна
С-10135-052,"СОУ ""Елин Пелин""",Училищна спортна база,гр. Варна,Варна,Варна
С-10135-051,"ОУ ""Св. Св. Кирил и Методий""",Училищна спортна база,гр. Варна,Варна,Варна
С-10135-050,"Професионална гимназия по икономика ""Д-р Иван Богоров""",Училищна спортна база,гр. Варна,Варна,Варна
С-10135-049,"ОУ ""Георги Сава Раковски""",Училищна спортна база,гр. Варна,Варна,Варна
С-10135-048,"ОУ ""Никола Йонков Вапцаров"" и ОУ ""Софроний Врачански""",Училищна спортна база,гр. Варна,Варна,Варна
С-10135-047,"НГХНИ ""Константин Преславски""",Училищна спортна база,гр. Варна,Варна,Варна
С-10135-046,"СОУ ""Любен Каравелов""",Училищна спортна база,гр. Варна,Варна,Варна
С-10135-045,"ОУ ""Панайот Волов""",Училищна спортна база,гр. Варна,Варна,Варна
С-10135-044,"ОУ ""Ангел Кънчев""",Училищна спортна база,гр. Варна,Варна,Варна
С-10135-043,Първа и Четвърта езикови гимназии,Училищна спортна база,гр. Варна,Варна,Варна
С-10135-042,"ОУ ""Добри Войников""",Училищна спортна база,с. Каменар,Варна,Варна
С-10135-041,"ОУ ""ЗАХАРИ СТОЯНОВ""",Училищна спортна база,гр. Варна,Варна,Варна
С-10450-007,"Спортна площадка към ОУ""Христо Ботев"", гр. Велинград",Спортна площадка,гр. Велинград,Пазарджик,Велинград
С-10450-006,"Спортен салон към ОУ""Христо Ботев"", гр. Велинград",Спортен салон,гр. Велинград,Пазарджик,Велинград
С-10135-012,"Футболно игрище ""Локомотив"" в гр. Варна",Спортен комплекс,гр. Варна,Варна,Варна
С-10450-004,Покрит плувен басейн,Басейн,гр. Велинград,Пазарджик,Велинград
С-10450-003,Централен минерален плаж,Басейн,гр. Велинград,Пазарджик,Велинград
С-10450-001,"Игрище  - СОУ ""Васил Левски""",Игрище,гр. Велинград,Пазарджик,Велинград
С-10450-002,"Спортен салон  - СОУ ""Васил Левски""",Спортен салон,гр. Велинград,Пазарджик,Велинград
С-68134-396,Закрити спортни съоръжения към НСА,Комплекс от спортни сгради,гр. София,София (столица),Столична
С-20184-003,"Физкултурен салон в ОУ ""Хр.Ботев""",Зала за обща физическа подготовка,с. Баниска,Русе,Две могили
С-20184-007,Спортно игрище,Игрище,с. Могилино,Русе,Две могили
С-20184-006,Спортен терен,Игрище,с. Кацелово,Русе,Две могили
С-20184-005,Спортен терен,Игрище,с. Каран Върбовка,Русе,Две могили
С-20184-004,Спортен терен,Игрище,гр. Две могили,Русе,Две могили
С-20184-009,Спортен терен,Игрище,с. Острица,Русе,Две могили
С-20184-008,Спортен терен,Игрище,с. Помен,Русе,Две могили
С-20184-002,"СОУ ""Св.св.Кирил и Методий""-физкултурен салон",Зала за обща физическа подготовка,гр. Две могили,Русе,Две могили
С-54020-006,Стадион,Стадион,с. Горни Вадин,Враца,Оряхово
С-54020-005,Стадион,Стадион,с. Лесковец,Враца,Оряхово
С-54020-004,Стадион,Стадион,с. Селановци,Враца,Оряхово
С-54020-003,Борба,Спортна зала,с. Селановци,Враца,Оряхово
С-54020-002,Бадминтон,Спортна база,гр. Оряхово,Враца,Оряхово
С-54020-001,Тенискорт,Игрище,гр. Оряхово,Враца,Оряхово
С-22215-010,"Спортни площадки и физкултурен салон на СОУ""Евлоги Георгиев"" гр.Тръстеник",Училищна спортна база,гр. Тръстеник,Плевен,Долна Митрополия
С-48489-005,футболно игрище,Стадион,с. Николово,Монтана,Монтана
С-48489-006,Физкултурен комплекс,Спортен комплекс,с. Безденица,Монтана,Монтана
С-48489-004,Тенис корт,Спортна площадка,гр. Монтана,Монтана,Монтана
С-48489-013,Стадион,Стадион,,Монтана,
С-48489-009,Стадион,Стадион,,Монтана,
С-48489-003,"Спортна зала-""Салон за борба и салон за джудо и самбо""",Спортна зала,гр. Монтана,Монтана,Монтана
С-48489-001,"Спортна зала ""Младост""",Спортна зала,гр. Монтана,Монтана,Монтана
С-48489-007,"Спортен комплекс, Стадион""Бенковски""",Спортен комплекс,с. Габровница,Монтана,Монтана
С-48489-024,Спортен комплекс,Спортен комплекс,с. Сумер,Монтана,Монтана
С-48489-023,спортен комплекс,Спортен комплекс,с. Стубел,Монтана,Монтана
С-48489-022,спортен комплекс,Спортен комплекс,с. Клисурица,Монтана,Монтана
С-48489-021,спортен комплекс,Спортен комплекс,,Монтана,
С-48489-016,Спортен комплекс,Спортен комплекс,с. Вирове,Монтана,Монтана
С-48489-015,Спортен комплекс,Спортен комплекс,с. Долно Белотинци,Монтана,Монтана
С-48489-014,Спортен комплекс,Спортен комплекс,с. Липен,Монтана,Монтана
С-48489-012,Спортен комплекс,Спортен комплекс,с. Славотин,Монтана,Монтана
С-48489-011,Спортен комплекс,Спортен комплекс,с. Долна Рикса,Монтана,Монтана
С-48489-010,Спортен комплекс,Спортен комплекс,с. Долна Вереница,Монтана,Монтана
С-48489-008,Спортен комплекс,Спортен комплекс,с. Винище,Монтана,Монтана
С-57649-014,"ОУ ""Н. Й. Вапцаров"" гр. Попово",Училищна спортна база,гр. Попово,Търговище,Попово
С-57649-013,"Основно училище ""Св. Климент Охридски"" гр. Попово",Училищна спортна база,гр. Попово,Търговище,Попово
С-57649-012,"Основно училище ""Любен Каравелов"" гр. Попово",Училищна спортна база,гр. Попово,Търговище,Попово
С-57649-020,"Основно училище ""Антон Страшимиров"" с. Светлен",Училищна спортна база,с. Светлен,Търговище,Попово
С-57649-019,"Основно училище ""Христо Ботев"" с. Садина",Училищна спортна база,с. Садина,Търговище,Попово
С-57649-017,"Основно училище ""Любен Каравелов"" с. Кардам",Училищна спортна база,с. Кардам,Търговище,Попово
С-57649-004,Волейболна зала,Спортна зала,гр. Попово,Търговище,Попово
С-57649-006,Борцова зала,Спортна зала,гр. Попово,Търговище,Попово
С-57649-005,Градски стадион,Стадион,гр. Попово,Търговище,Попово
С-04279-010,Закрит плувен басейн,Басейн,гр. Благоевград,Благоевград,Благоевград
С-65766-020,"корпус ""ЮГ""",Спортен комплекс,гр. Свищов,Велико Търново,Свищов
С-61813-003,Игрище - с. Добърско,Игрище,с. Добърско,Благоевград,Разлог
С-61813-011,Стадион - гр.Разлог,Стадион,гр. Разлог,Благоевград,Разлог
С-73626-061,"ОУ ""Св. Св. Кирил и Методий"", с. Буйново",Спортна площадка,с. Буйново,Търговище,Търговище
С-73626-028,"ОУ ""Св. Св. Кирил и Методий"", с. Буйново",Зала за обща физическа подготовка,с. Буйново,Търговище,Търговище
С-73626-058,"Второ ОУ ""Никола Вапцаров""",Зала за обща физическа подготовка,гр. Търговище,Търговище,Търговище
С-73626-057,"Второ ОУ ""Никола Вапцаров""",Спортна площадка,гр. Търговище,Търговище,Търговище
С-73626-012,"Второ ОУ ""Никола Вапцаров""",Спортна площадка,гр. Търговище,Търговище,Търговище
С-73626-056,"ОУ ""Св. Св. Кирил и Методий"", с. Дралфа",Спортна площадка,с. Дралфа,Търговище,Търговище
С-73626-031,"ОУ ""Св. Св. Кирил и Методий"", с. Дралфа",Зала за обща физическа подготовка,с. Дралфа,Търговище,Търговище
С-68134-387,Столичен Колодрум “Сердика”,Колодрум,гр. София,София (столица),Столична
С-73626-009,"III-то ОУ ""Петко Рачов Славейков""",Зала за обща физическа подготовка,гр. Търговище,Търговище,Търговище
С-56722-007,КОЛОДРУМ,Колодрум,гр. Плевен,Плевен,Плевен
С-56722-012,Тренировъчно игрище,Игрище,гр. Плевен,Плевен,Плевен
С-22215-009,"Физкултурен салон и спортна площадка в ОУ""Св.св.Кирил и Методий"" с. Горна Митрополия",Училищна спортна база,с. Горна Митрополия,Плевен,Долна Митрополия
С-22215-008,"Спортна площадка в двора на ОУ ""Христо Смирненски"" с. Ореховица",Спортна площадка,с. Ореховица,Плевен,Долна Митрополия
С-22215-007,физкултурен салон,Спортен салон,с. Ореховица,Плевен,Долна Митрополия
С-62004-007,"СООУ ""Христо Смирненски""",Училищна спортна база,гр. Ракитово,Пазарджик,Ракитово
С-73626-055,"III-то ОУ ""Петко Рачов Славейков""",Спортна площадка,гр. Търговище,Търговище,Търговище
С-39116-002,игрище,Игрище,с. Пороминово,Кюстендил,Кочериново
С-73626-054,"III-то ОУ ""Петко Рачов Славейков""",Спортна площадка,гр. Търговище,Търговище,Търговище
С-73626-053,"III-то ОУ ""Петко Рачов Славейков""",Зала за обща физическа подготовка,гр. Търговище,Търговище,Търговище
С-73626-033,"III -то ОУ ""Петко Рачов Славейков""",Фитнес зала,гр. Търговище,Търговище,Търговище
С-73626-052,"III-то ОУ ""Петко Рачов Славейков""",Зала за обща физическа подготовка,гр. Търговище,Търговище,Търговище
С-39116-005,игрище,Игрище,гр. Кочериново,Кюстендил,Кочериново
С-70247-005,Терен за спортни дейности,Спортна площадка,гр. Сунгурларе,Бургас,Сунгурларе
С-22215-006,"Физкултурен салон на СОУ ""Васил Априлов"" гр.Долна Митрополия",Спортен салон,гр. Долна Митрополия,Плевен,Долна Митрополия
С-47593-008,Спортна зала,Спортна зала,с. Расово,Монтана,Медковец
С-47593-007,зала за тенис на маса,Спортна зала,с. Медковец,Монтана,Медковец
С-47593-006,Игрище с изкуствено осветление,Игрище,с. Медковец,Монтана,Медковец
С-22215-005,"Открита спортна площадка в двора на СОУ""Васил Априлов"" гр.Долна Митрополия",Спортна площадка,гр. Долна Митрополия,Плевен,Долна Митрополия
С-22215-004,"Открита спортна площадка в двора на ОУ ""Христо Ботев"" с.Божурица",Спортна площадка,с. Божурица,Плевен,Долна Митрополия
С-39116-004,игрище,Игрище,с. Драгодан,Кюстендил,Кочериново
С-39116-003,игрище,Игрище,с. Бураново,Кюстендил,Кочериново
С-39116-001,игрище,Игрище,с. Мурсалево,Кюстендил,Кочериново
С-47593-005,игрище с изкуствена настилка,Игрище,с. Медковец,Монтана,Медковец
С-73626-050,"ПУИ ""Д-р Петър Берон""",Спортна площадка,гр. Търговище,Търговище,Търговище
С-47593-004,СТАДИОН С.СЛИВОВИК,Стадион,с. Сливовик,Монтана,Медковец
С-73626-048,Професионална гимназаия по електротехника и строителство,Спортна площадка,гр. Търговище,Търговище,Търговище
С-73626-047,Професионална гимназаия по електротехника и строителство,Зала за обща физическа подготовка,гр. Търговище,Търговище,Търговище
С-73626-034,Професионална гимназаия по електротехника и строителство,Спортна зала,гр. Търговище,Търговище,Търговище
С-62004-006,"ОУ ""Неофит Рилски""",Училищна спортна база,гр. Костандово,Пазарджик,Ракитово
С-62004-002,"ОУ "" Христо Ботев"" - гр. Ракитово",Училищна спортна база,гр. Ракитово,Пазарджик,Ракитово
С-65334-001,Стадион,Стадион,гр. Сандански,Благоевград,Сандански
С-66665-003,Основно училище с. Искра,Училищна спортна база,с. Искра,Силистра,Ситово
С-66665-001,Основно училище с. Ситово,Училищна спортна база,с. Ситово,Силистра,Ситово
С-66665-004,Основно училище с. Добротица,Училищна спортна база,с. Добротица,Силистра,Ситово
С-73626-046,"СОУ за деца с увреден слух ""Св. Иван Рилски""",Зала за обща физическа подготовка,гр. Търговище,Търговище,Търговище
С-73626-045,"Професионална техническа гимназия ""Цар Симеон Велики""",Спортна площадка,гр. Търговище,Търговище,Търговище
С-73626-044,"Професионална техническа гимназия ""Цар Симеон Велики""",Зала за обща физическа подготовка,гр. Търговище,Търговище,Търговище
С-73626-042,"I-во СОУ ""Свети Седмочисленици""",Зала за обща физическа подготовка,гр. Търговище,Търговище,Търговище
С-55782-001,Футболно игрище,Игрище,гр. Искър,Плевен,
С-2214-012,"Физкултурен салон, с.Писарово",Училищна спортна база,с. Писарово,Плевен,Искър
С-2214-010,"Физкултурен салон - ОУ""Христо Ботев"", с.Староселци",Училищна спортна база,с. Староселци,Плевен,Искър
С-2214-008,"Физкултурен салон - ОУ""Васил Левски"", с.Долни Луковит",Училищна спортна база,с. Долни Луковит,Плевен,Искър
С-24030-010,Игрище с. Полк. Таслаково,Игрище,,Силистра,
С-73626-043,"I-во СОУ ""Свети Седмочисленици""",Спортна площадка,гр. Търговище,Търговище,Търговище
С-55782-002,"Физкултурен салон - НУ""Васил Левски"" - с.Долни Луковит",Училищна спортна база,с. Долни Луковит,Плевен,Искър
С-2214-005,Физкултурен салон,Училищна спортна база,гр. Искър,Плевен,
С-2214-001,Спортно игрище,Игрище,гр. Искър,Плевен,
С-2214-004,Спортен терен,Спортен комплекс,с. Писарово,Плевен,Искър
С-73626-007,"I-во СОУ ""Свети Седмочисленици""",Зала за обща физическа подготовка,гр. Търговище,Търговище,Търговище
С-73626-041,"I-во СОУ ""Свети Седмочисленици""",Зала за обща физическа подготовка,гр. Търговище,Търговище,Търговище
С-2214-003,Спортен комплекс,Спортен комплекс,с. Писарово,Плевен,Искър
С-2214-002,Спортен комплекс,Спортен комплекс,с. Староселци,Плевен,Искър
С-2214-011,"Открита спортна площадка - ОУ""Хр.Ботев"", с.Староселци",Училищна спортна база,с. Староселци,Плевен,Искър
С-2214-007,"Открита спортна площадка - ОУ""Васил Левски"",с.Долни Луковит",Училищна спортна база,с. Долни Луковит,Плевен,Искър
С-2214-009,"Открита спортна площадка - НУ""Васил Левски"",с.Долни Луковит",Училищна спортна база,с. Долни Луковит,Плевен,Искър
С-2214-006,Открита спортна площадка,Училищна спортна база,гр. Искър,Плевен,
С-66665-002,Спортен комплекс с.Ситово,Спортен комплекс,с. Ситово,Силистра,Ситово
С-62004-001,"ОУ "" Христо Ботев""",Училищна спортна база,с. Дорково,Пазарджик,Ракитово
С-66665-007,Централен Парк,Спортна площадка,с. Ситово,Силистра,Ситово
С-66665-006,Спотрно игрище с.Добротица,Стадион,с. Добротица,Силистра,Ситово
С-62004-003,"СОУ "" Свети Климент Охридски""",Училищна спортна база,гр. Ракитово,Пазарджик,Ракитово
С-66460-003,"Плувен комплекс  ""Симитли""",Плувен комплекс,гр. Симитли,Благоевград,Симитли
С-68134-395,"Многофункционална спортна зала ""Цар Борис III""",Спортна зала,гр. София,София (столица),Столична
С-47593-003,стадион с.Аспарухово,Стадион,с. Аспарухово,Монтана,Медковец
С-47593-002,Стадион с.Расово,Стадион,с. Расово,Монтана,Медковец
С-47593-001,Стадион с.Медковец,Стадион,с. Медковец,Монтана,Медковец
С-65927-008,"ОУ ""Емилиян Станев"" с. Ряховците",Училищна спортна база,с. Ряховците,Габрово,Севлиево
С-65927-016,"ОУ ""Васил Левски"" с. Шумата",Училищна спортна база,с. Шумата,Габрово,Севлиево
С-73626-025,"ОУ ""Христо Ботев"", с. Лиляк",Зала за обща физическа подготовка,с. Лиляк,Търговище,Търговище
С-62004-004,9 Септември,Стадион,гр. Ракитово,Пазарджик,Ракитово
С-10135-040,Физкултурен салон на МУ-Варна,Училищна спортна база,гр. Варна,Варна,Варна
С-04279-014,"Първо игрище - компкелс ""Рилци""",Игрище,с. Рилци,Благоевград,Благоевград
С-04279-001,"зала ""Скаптопара""",Спортна зала,гр. Благоевград,Благоевград,Благоевград
С-48996-007,Физкултурен стадион,Стадион,с. Звездел,Кърджали,Момчилград
С-48996-006,Училищна сграда,Училищна спортна база,,Кърджали,
С-04279-004,"""Портър парк"" местност Бачиново",Стадион,гр. Благоевград,Благоевград,Благоевград
С-48996-005,Плувен басейн,Плувен комплекс,гр. Момчилград,Кърджали,Момчилград
С-48996-004,Спортна зала,Спортна база,гр. Момчилград,Кърджали,Момчилград
С-37798-003,Игрище-Стадион гр.Козлодуй,Игрище,гр. Козлодуй,Враца,Козлодуй
С-37798-018,Терен за футболно игрище гр.Козлодуй,Игрище,гр. Козлодуй,Враца,Козлодуй
С-37798-017,Зона за отдих и спорт,Комплекс от спортни сгради,гр. Козлодуй,Враца,Козлодуй
С-73626-029,"ОУ ""Отец Паисий"" с. Подгорица",Спортна площадка,,Търговище,
С-67708-002,Спортна площадка  в гр. Смядово,Спортна площадка,гр. Смядово,Шумен,Смядово
С-72761-004,Физкултурен салон,Училищна спортна база,гр. Тополовград,Хасково,Тополовград
С-35242-003,"ОУ ""Васил Априлов""",Училищна спортна база,с. Голеш,Силистра,Кайнарджа
С-35242-001,фудболно игрище,Стадион,с. Кайнарджа,Силистра,Кайнарджа
С-05611-006,Спортен салон - СОУ „ Климент Охридски „,Спортен салон,гр. Борово,Русе,Борово
С-56784-083,Спортно-развлекателен комплекс Евроколеж,Спортен комплекс,с. Оризари,Пловдив,Родопи
С-73626-038,"ОУ ""Хр. Ботев"" с. Макариополско",Игрище,с. Макариополско,Търговище,Търговище
С-73626-037,"ОУ ""Хр. Ботев"" с. Макариополско",Спортна площадка,с. Макариополско,Търговище,Търговище
С-73626-027,"ОУ ""Хр. Ботев"" с. Макариополско",Зала за обща физическа подготовка,с. Макариополско,Търговище,Търговище
С-73626-036,"II СОУ ""Професор Никола Маринов""",Спортна площадка,,Търговище,
С-36525-002,"СПОРТНА ЗАЛА""АТАНАС КОМШЕВ""",Спортна зала,гр. Карнобат,Бургас,Карнобат
С-73626-008,"II СОУ ""Професор Никола Маринов""",Зала за обща физическа подготовка,гр. Търговище,Търговище,Търговище
С-73626-035,"ПГ ПО ТУРАЗЪМ И ХРАНИТЕЛНО - ВКУСОВИ ТЕХНОЛОГИЙ ""Алеко Константинов""",Зала за обща физическа подготовка,гр. Търговище,Търговище,Търговище
С-36525-001,СПОРТЕН КОМПЛЕКС КАРНОБАТ,Стадион,гр. Карнобат,Бургас,Карнобат
С-56722-011,Зала за лека атлетика,Спортна зала,гр. Плевен,Плевен,Плевен
С-48996-003,"Стадион ""Родопи""",Стадион,гр. Момчилград,Кърджали,Момчилград
С-48996-002,Борцов салон,Спортен салон,с. Звездел,Кърджали,Момчилград
С-73198-004,"стадион ""Чавдар""",Спортна база,гр. Троян,Ловеч,Троян
С-73198-024,Тенис кортове,Спортна база,гр. Троян,Ловеч,Троян
С-41112-008,Спортен терен за футбол,Стадион,с. Стенско,Кюстендил,Кюстендил
С-41112-015,Спортен терен за футбол,Стадион,,Кюстендил,
С-67708-004,"Спортна площадка към СОУ""Св.Св. Кирил и Методий"" гр.Смядово",Спортна площадка,гр. Смядово,Шумен,Смядово
С-73198-023,Тенис кортове,Спортна база,с. Орешак,Ловеч,Троян
С-67708-001,"Физкултурен салон към СОУ""Св. Св. Кирил и Методий""",Училищна спортна база,гр. Смядово,Шумен,Смядово
С-68789-007,Яхиново,Игрище,с. Яхиново,Кюстендил,Дупница
С-68789-008,Червен брег,Спортен комплекс,с. Червен брег,Кюстендил,Дупница
С-68789-001,Тополница,Игрище,с. Тополница,Кюстендил,Дупница
С-68789-004,Самораново,Спортен комплекс,с. Самораново,Кюстендил,Дупница
С-68789-003,Крайници,Спортен комплекс,с. Крайници,Кюстендил,Дупница
С-68789-006,Джерман,Игрище,с. Джерман,Кюстендил,Дупница
С-68789-002,Баланово,Игрище,с. Баланово,Кюстендил,Дупница
С-81236-002,Стадион,Стадион,с. Черноочене,Кърджали,Черноочене
С-73626-020,"ОУ "" Иван Вазов""                                       физкултурен салон - голям",Зала за обща физическа подготовка,гр. Търговище,Търговище,Търговище
С-73626-019,"ОУ "" Иван Вазов""  физкултурен салон - малък",Зала за обща физическа подготовка,гр. Търговище,Търговище,Търговище
С-73626-010,"ОУ "" Иван Вазов"" Спортна площадка",Спортна площадка,гр. Търговище,Търговище,Търговище
С-68134-393,"Учебна сграда - факултет ""Кинезитерапия""",Административна сграда,гр. София,София (столица),Столична
Т-58222-002,"Туристическа хижа ""Патлейна""",Туристическа база,гр. Велики Преслав,Шумен,Велики Преслав
С-87374-058,Стадион в с. Орешак,Стадион,с. Орешак,Ловеч,Троян
С-73198-006,Спортен комплекс,Спортен комплекс,с. Врабево,Ловеч,Троян
С-73198-007,Стадион,Стадион,с. Калейца,Ловеч,Троян
С-73198-003,Спортна зала Чавдар,Спортна зала,гр. Троян,Ловеч,Троян
С-15031-001,Спортен комплекс,Спортен комплекс,гр. Главиница,Силистра,Главиница
С-15031-004,Футболно игрище,Игрище,с. Ножарево,Силистра,Главиница
С-15031-002,"СОУ ""Васил Левски""",Училищна спортна база,гр. Главиница,Силистра,Главиница
С-15031-003,"СОУ ""Иван Вазов""",Училищна спортна база,с. Зафирово,Силистра,Главиница
С-10803-002,градски стадион,Стадион,гр. Глоджево,Русе,Ветово
С-10803-001,градски стадион,Стадион,гр. Ветово,Русе,Ветово
С-58222-009,Футболно игрище,Игрище,с. Златар,Шумен,Велики Преслав
С-58222-002,"Комплекс ""Стадиона""",Спортен комплекс,гр. Велики Преслав,Шумен,Велики Преслав
С-56126-004,"""КОМИТИТЕ""ЕООД",Плувен комплекс,с. Чучулигово,Благоевград,Петрич
С-58222-007,Спортен терен-стадион,Стадион,с. Троица,Шумен,Велики Преслав
С-58222-008,Спортен терен,Игрище,с. Мокреш,Шумен,Велики Преслав
С-31111-005,"Физкултурен салон при СОУ ""Св. Княз Борис І""с. Старцево",Училищна спортна база,с. Старцево,Смолян,Златоград
С-31111-006,"Физкултурен салон при СОУ ""Антим І"" гр. Златоград",Училищна спортна база,гр. Златоград,Смолян,Златоград
С-58222-003,Спортен терен,Игрище,гр. Велики Преслав,Шумен,Велики Преслав
С-31111-002,"Спортна площадка ""Червено игрище""",Спортна площадка,гр. Златоград,Смолян,Златоград
С-31111-003,"Спортен център при ОУ ""Васил Левски"" Златоград",Училищна спортна база,гр. Златоград,Смолян,Златоград
С-31111-004,"Многофункционална спортна площадка ""Златоград""",Спортна площадка,гр. Златоград,Смолян,Златоград
С-31111-001,Спортен комплекс Златоград,Спортен комплекс,гр. Златоград,Смолян,Златоград
С-58222-004,Спортен терен,Игрище,с. Осмар,Шумен,Велики Преслав
С-17974-005,"Общинска волейболна зала ""Странджа"" гр. Средец",Спортна зала,гр. Средец,Бургас,Средец
С-17645-001,Стадион,Стадион,гр. Грамада,Видин,Грамада
С-53552-011,"недвижим имот представляващ спортна площадка към СОУ ""Васил Левски"" гр. Опака.",Спортна площадка,гр. Опака,Търговище,Опака
С-53552-012,"недвижим имот представляващ спортна площадка към ОУ ""Алеко Константинов"" с.Голямо Градище.",Спортна площадка,с. Голямо градище,Търговище,Опака
С-10135-028,Национална спортна база „Спортпалас”  град Варна,Спортен комплекс,гр. Варна,Варна,Варна
С-81390-004,Физкултурен салон,Училищна спортна база,гр. Чипровци,Монтана,Чипровци
С-10135-029,Юнашки салон - Варна,Спортен салон,гр. Варна,Варна,Варна
С-68134-388,Открити тенис кортове - София,Спортна площадка,гр. София,София (столица),Столична
С-67800-004,"НСБ ""Спартак""",Спортна база,гр. Созопол,Бургас,Созопол
С-56126-003,"Национална спортна база ""Цар Самуил"" - Петрич",Спортен комплекс,гр. Петрич,Благоевград,Петрич
С-10135-039,"СОУ ""Н.Бозвели""",Училищна спортна база,гр. Варна,Варна,Варна
С-67653-023,"Национална спортна база ""Пампорово""",Спортен комплекс,гр. Смолян,Смолян,Смолян
С-41112-005,Спортен терен за футбол,Стадион,с. Богослов,Кюстендил,Кюстендил
С-10135-038,"СОУ ""Г. Милев""",Училищна спортна база,гр. Варна,Варна,Варна
С-41112-010,Спортен терен за футбол,Стадион,с. Коняво,Кюстендил,Кюстендил
С-41112-016,Спортен терен за футбол,Стадион,,Кюстендил,
С-41112-011,Спортен терен,Стадион,с. Соволяно,Кюстендил,Кюстендил
С-10135-037,"ОУ ""Отец Паисий""",Училищна спортна база,гр. Варна,Варна,Варна
С-10135-036,"ОУ ""Стоян Михайловски"" и ОУ ""П. Евтимий""",Училищна спортна база,гр. Варна,Варна,Варна
С-58222-005,Спортен терен,Игрище,с. Хан Крум,Шумен,Велики Преслав
С-10135-035,"СОУ ""Найден Геров""",Училищна спортна база,гр. Варна,Варна,Варна
С-10135-034,"ОУ ""П.Р. Славейков"" и ІІІПМГ ""Акад. М.Попов""",Училищна спортна база,гр. Варна,Варна,Варна
С-58222-006,Спортен терен,Игрище,с. Кочово,Шумен,Велики Преслав
С-37513-009,"Национална гребна база ""Пчелина""",Спортна база,,Перник,
С-65231-038,Национална ветроходна база -Искър,Спортна база,гр. Самоков,София,Самоков
С-07079-072,Национална ветроходна база - Несебър,Спортна база,гр. Несебър,Бургас,Несебър
С-65231-040,Национална база по Биатлон - Боровец,Спортна база,,София,
С-40909-010,Национална база за Кану-Каяк - Кърджали,Спортен комплекс,с. Енчец,Кърджали,Кърджали
С-65231-039,Национална алпийска ски база - Боровец,Спортна база,,София,
С-03592-005,"ВСК ""Белмекен""",Спортен комплекс,с. Сестримо,Пазарджик,Белово
С-68134-390,Лодкостроителница - Панчарево,Спортен комплекс,гр. София,София (столица),Столична
С-10135-033,"НУ ""Васил Левски""",Училищна спортна база,гр. Варна,Варна,Варна
С-10135-032,"ОУ ""Добри Чинтулов""",Училищна спортна база,гр. Варна,Варна,Варна
С-10135-031,"СОУ ""Димчо Дебелянов""",Спортна база,гр. Варна,Варна,Варна
С-36079-018,футболноигрище,Стадион,с. Браничево,Шумен,Каолиново
С-36079-017,футболно игрище,Стадион,с. Климент,Шумен,Каолиново
С-10135-030,"ОУ ""Черноризец Храбър""",Училищна спортна база,гр. Варна,Варна,Варна
С-53552-002,СПОРТНО ИГРИЩЕ С. КРЕПЧА,Игрище,с. Крепча,Търговище,Опака
С-53552-005,СПОРТНО ИГРИЩЕ С. ЛЮБЛЕН,Игрище,с. Люблен,Търговище,Опака
С-53552-010,недвижим имот представляващ спортна площадка с прилежащ терен от 3600 кв. м.,Спортна площадка,гр. Опака,Търговище,Опака
С-53552-004,СПОРТНО ИГРИЩЕ С. ГОЛЯМО ГРАДИЩЕ,Игрище,с. Голямо градище,Търговище,Опака
С-53552-001,"ОУ ""Васил Левски"" с. Крепча",Училищна спортна база,с. Крепча,Търговище,Опака
С-53552-009,"СОУ ""ВАСИЛ ЛЕВСКИ"" ГР.ОПАКА",Училищна спортна база,гр. Опака,Търговище,Опака
С-53552-008,"СОУ ""ВАСИЛ ЛЕВСКИ"" ГР.ОПАКА",Училищна спортна база,гр. Опака,Търговище,Опака
С-53552-003,СПОРТНО ИГРИЩЕ ГР.ОПАКА,Игрище,гр. Опака,Търговище,Опака
С-41112-035,ЗОНА СПОРТ,Спортен комплекс,гр. Кюстендил,Кюстендил,Кюстендил
С-24030-016,Игрище с. Правда,Игрище,с. Правда,Силистра,Дулово
С-65231-006,Спортни игрища,Игрище,гр. Самоков,София,Самоков
С-68134-381,"НСК ""Диана""",Спортен комплекс,гр. София,София (столица),Столична
С-24030-020,Игрище с. Черник,Игрище,с. Черник,Силистра,Дулово
С-65231-035,"Физкултурен салон в СУ ""НИКОЛА ВЕЛЧЕВ""",Училищна спортна база,гр. Самоков,София,Самоков
С-24030-019,Игрище с. Боил,Игрище,с. Боил,Силистра,Дулово
С-14492-004,Стадион,Стадион,с. Сливница,Благоевград,Кресна
С-14492-002,Стадион,Стадион,гр. Кресна,Благоевград,Кресна
С-14492-001,Стадион,Стадион,с. Долна Градешница,Благоевград,Кресна
С-24030-018,Игрище с. Овен,Игрище,с. Овен,Силистра,Дулово
С-24030-017,Игрище с. Колобър,Игрище,с. Колобър,Силистра,Дулово
С-65231-036,"СОУ ""Отец Паисий' - гр.Самоков",Училищна спортна база,гр. Самоков,София,Самоков
С-65231-001,"Стадион ""Искър""",Стадион,гр. Самоков,София,Самоков
С-41112-013,Стадион в с. Слокощица,Стадион,с. Слокощица,Кюстендил,Кюстендил
С-41112-009,Спортен терен за футбол,Стадион,с. Граница,Кюстендил,Кюстендил
С-65231-003,Многофункционална спортно-атрактивна зала в гр. Самоков,Спортна зала,гр. Самоков,София,Самоков
С-24030-015,Игрище с. Руйно,Игрище,с. Руйно,Силистра,Дулово
С-24030-014,Игрище с. Орешене,Игрище,,Силистра,
С-24030-013,Игрище с. Водно,Игрище,с. Водно,Силистра,Дулово
С-24030-012,Игрище с. Грънчарово,Игрище,с. Грънчарово,Силистра,Дулово
С-24030-009,Игрище с. Раздел,Игрище,с. Раздел,Силистра,Дулово
С-24030-006,Игрище с. Козяк,Игрище,с. Козяк,Силистра,Дулово
С-24030-011,Игрище с. Межден,Игрище,с. Межден,Силистра,Дулово
С-24030-007,Стадион и съблекалня с. Върбино,Стадион,с. Върбино,Силистра,Дулово
С-24030-008,Стадион и съблекални с. Яребица,Стадион,с. Яребица,Силистра,Дулово
С-24030-005,Стадион и съблекални с. Чернолик,Стадион,с. Чернолик,Силистра,Дулово
С-24030-004,Стадион и съблекални с. Паисиево,Стадион,с. Паисиево,Силистра,Дулово
С-24030-002,Спортна площадка с асфалтирано игрище гр. Дулово,Спортна площадка,гр. Дулово,Силистра,Дулово
С-24030-001,Градски стадион и спортна зала гр. Дулово,Спортен комплекс,гр. Дулово,Силистра,Дулово
С-41112-007,спортен терен за футбол,Стадион,с. Багренци,Кюстендил,Кюстендил
С-41112-006,Спортен терен за футбол,Стадион,с. Жабокрът,Кюстендил,Кюстендил
С-41112-018,Спортен терен за футбол,Стадион,с. Драговищица,Кюстендил,Кюстендил
С-41112-014,Спортен терен за футбол в с. Копиловци,Стадион,с. Копиловци,Кюстендил,Кюстендил
С-16314-001,Спортен комплекс Горна Малина,Спортен комплекс,с. Горна Малина,София,Горна Малина
С-61577-005,Стадион,Спортен комплекс,гр. Радомир,Перник,Радомир
С-65677-002,Тенис кортове Свиленград,Спортна база,гр. Свиленград,Хасково,Свиленград
С-65677-006,Стадион с . Студена,Стадион,с. Студена,Хасково,Свиленград
С-65677-005,Стадион с. Капитан Андреево,Спортен комплекс,с. Капитан Андреево,Хасково,Свиленград
С-65677-004,Стадион с. Димитровче,Стадион,с. Димитровче,Хасково,Свиленград
С-65677-012,"Спортна площадка към ОУ ""Христо Ботев"" в с. Левка",Училищна спортна база,с. Левка,Хасково,Свиленград
С-65677-008,"Спортна площадка ""Марица""",Спортна площадка,гр. Свиленград,Хасково,Свиленград
С-65677-007,"Спортна площадка ""Изгрев""",Спортна площадка,гр. Свиленград,Хасково,Свиленград
С-65677-011,"Плувен комплекс ""Бурденис""",Плувен комплекс,гр. Свиленград,Хасково,Свиленград
С-65677-010,"ОУ ""Иван Вазов""",Училищна спортна база,гр. Свиленград,Хасково,Свиленград
С-65677-009,"ОУ ""д-р Петър Берон""",Училищна спортна база,гр. Свиленград,Хасково,Свиленград
С-66425-003,"Стадион ""Доростол""",Стадион,гр. Силистра,Силистра,Силистра
С-66425-004,Спортна площадка с два тенис корта,Спортна площадка,гр. Силистра,Силистра,Силистра
С-68789-016,ж.к. Бистрица 1,Спортна база,гр. Дупница,Кюстендил,Дупница
С-68789-005,ж.к. Бистрица 2,Стадион,гр. Дупница,Кюстендил,Дупница
С-03928-007,Басейн,Басейн,гр. Берковица,Монтана,Берковица
С-68789-010,Бончук 4,Стадион,гр. Дупница,Кюстендил,Дупница
С-68789-009,Бончук 3,Стадион,гр. Дупница,Кюстендил,Дупница
С-68789-014,Бончук 2,Спортен комплекс,гр. Дупница,Кюстендил,Дупница
С-68789-013,Бончук 1,Спортен комплекс,гр. Дупница,Кюстендил,Дупница
С-03928-006,Стадион,Спортен комплекс,с. Ягодово,Монтана,Берковица
С-03928-005,Спортен терен,Игрище,с. Бързия,Монтана,Берковица
С-03928-004,Стадион,Стадион,с. Боровци,Монтана,Берковица
С-03928-003,Стадион,Стадион,с. Замфирово,Монтана,Берковица
С-73496-005,Спортна зала,Спортна зала,с. Белица,Силистра,Тутракан
С-41112-017,Спортен терен за футбол,Стадион,,Кюстендил,
С-73496-006,"""Спортна зала"" в паркова среда",Спортна зала,с. Нова Черна,Силистра,Тутракан
С-03928-001,Спортна зала,Спортна зала,гр. Берковица,Монтана,Берковица
С-05611-008,"Спортен салон - ОУ ""Христо Ботев""",Спортен салон,с. Горно Абланово,Русе,Борово
С-05611-007,"Спортен цалон - ОУ "" Петко Рачев Славейков """,Спортен салон,с. Обретеник,Русе,Борово
С-67444-002,Физкултурен салон,Училищна спортна база,с. Ряхово,Русе,Сливо поле
С-67444-003,Физкултурен салон,Училищна спортна база,с. Голямо Враново,Русе,Сливо поле
С-67444-001,Физкултурен салон,Училищна спортна база,гр. Сливо поле,Русе,Сливо поле
С-67444-006,Стадион,Стадион,с. Голямо Враново,Русе,Сливо поле
С-67444-005,Стадион,Стадион,с. Ряхово,Русе,Сливо поле
С-67444-007,Спортна зала - борба,Спортна зала,гр. Сливо поле,Русе,Сливо поле
С-67444-004,Стадион,Стадион,гр. Сливо поле,Русе,Сливо поле
С-68134-380,"Многофункционална спортна зала ""Арена Армеец""",Многофункционална арена,гр. София,София (столица),Столична
С-46084-003,Футболен терен,Спортна площадка,с. Бориславци,Хасково,Маджарово
С-46084-002,Спортна площадка,Спортна площадка,гр. Маджарово,Хасково,Маджарово
С-32874-002,Борцова зала,Спортна зала,,Разград,
С-32874-001,Градски стадион,Игрище,гр. Исперих,Разград,Исперих
С-81390-003,спортна зала,Спортна зала,гр. Чипровци,Монтана,Чипровци
С-00151-008,"Спортна зала в Спортен комплекс ""Крум Делчев""",Спортна зала,гр. Айтос,Бургас,Айтос
С-02508-021,Игрище за мини футбол,Спортна площадка,гр. Балчик,Добрич,Балчик
С-02508-024,Игрище за мини футбол,Училищна спортна база,с. Оброчище,Добрич,Балчик
С-02508-023,Игрище за мини -футбол,Училищна спортна база,гр. Балчик,Добрич,Балчик
С-02508-022,"Физкултурен салон в ОУ ""Антим І"" гр. Балчик",Училищна спортна база,гр. Балчик,Добрич,Балчик
С-02508-020,Открита спортна площадка,Училищна спортна база,гр. Балчик,Добрич,Балчик
С-02508-019,"Физкултурен салон в СОУ ""Христо Ботев"" гр. Балчик",Училищна спортна база,гр. Балчик,Добрич,Балчик
С-02508-018,Открита спортна площадка,Училищна спортна база,с. Сенокос,Добрич,Балчик
С-02508-017,"Физкултурен салон в ОУ ""Г.С.Раковски"" с. Сенокос, общ. Балчик",Училищна спортна база,с. Сенокос,Добрич,Балчик
С-02508-008,Открита спортна площадка,Спортна площадка,с. Оброчище,Добрич,Балчик
С-02508-016,Открита спортна площадка,Училищна спортна база,гр. Балчик,Добрич,Балчик
С-02508-015,"Физкултурен салон в ОУ ""Антим І"" гр. Балчик",Училищна спортна база,гр. Балчик,Добрич,Балчик
С-02508-014,Окрита спортна площадка,Училищна спортна база,с. Соколово,Добрич,Балчик
С-02508-011,"Физкултурен салон в ОУ ""Св. св. Кирил и Методий""",Училищна спортна база,гр. Балчик,Добрич,Балчик
С-02508-013,"Физкултурен салон в ОУ ""Васил Левски"" с. Соколово",Училищна спортна база,с. Соколово,Добрич,Балчик
С-02508-007,"Физкултурен салон в СОУ ""Христо Смирненски""",Училищна спортна база,с. Оброчище,Добрич,Балчик
С-14773-001,Стадион,Стадион,с. Георги Дамяново,Монтана,Георги Дамяново
С-69835-005,Плувни спортове,Басейн,гр. Стрелча,Пазарджик,Стрелча
С-02508-010,Окрита спортна площадка,Училищна спортна база,гр. Балчик,Добрич,Балчик
С-06183-005,Стадион Оризово,Стадион,с. Оризово,Стара Загора,Братя Даскалови
С-2216-003,"Тенис комплекс - ""Мир и Дружба""",Спортен комплекс,гр. София,София (столица),Столична
С-2207-001,"Зала ""Фестивална""",Спортна зала,гр. София,София (столица),Столична
С-06183-004,"ОУ ""Св. Св. Кирил и Методий""",Административна сграда,с. Черна гора,Стара Загора,Братя Даскалови
С-35064-007,"Спортна зала ""Олимпиада""",Спортна зала,гр. Каварна,Добрич,Каварна
С-35064-006,Зала за тенис на маса,Спортна зала,гр. Каварна,Добрич,Каварна
С-35064-005,"Фитнес зала ""Атлет""",Фитнес зала,гр. Каварна,Добрич,Каварна
С-35064-004,Помощно футболно игрище с изкуствена настилка с размери 40/20,Игрище,гр. Каварна,Добрич,Каварна
С-69835-004,Плувни спортове,Басейн,гр. Стрелча,Пазарджик,Стрелча
С-06183-003,"ОУ ""Христо Ботев""",Административна сграда,с. Оризово,Стара Загора,Братя Даскалови
С-35064-002,Тренировъчно игрище с изкуствена настилка,Стадион,гр. Каварна,Добрич,Каварна
С-35064-001,"Стадион ""Калиакра""",Стадион,гр. Каварна,Добрич,Каварна
С-06183-002,"ОУ ""П.К.Яворов""",Административна сграда,с. Гранит,Стара Загора,Братя Даскалови
С-06183-001,"Училище ""Д-р Петър Берон"" с.Мирово",Административна сграда,с. Мирово,Стара Загора,Братя Даскалови
С-17974-003,Футболен стадион с. Дебелт,Стадион,с. Дебелт,Бургас,Средец
С-17974-002,"Футболен стадион ""Странджа-Металург"" Средец",Стадион,гр. Средец,Бургас,Средец
С-17974-001,"СОУ ""Св. св. Кирил и Методий"" град Средец",Училищна спортна база,гр. Средец,Бургас,Средец
С-2201-003,"ОУ ""Св. св. Кирил и Методий"" с. Загорци",Училищна спортна база,с. Загорци,Бургас,Средец
С-2201-002,"ОУ ""Никола Йонков Въпцаров"" с. Факия",Училищна спортна база,с. Факия,Бургас,Средец
С-2201-001,"ОУ ""Антон Страшимиров"" с.Дебелт",Училищна спортна база,с. Дебелт,Бургас,Средец
С-17974-004,"Зала по борба ""Продан Гарджев"" гр. Средец",Спортна зала,гр. Средец,Бургас,Средец
С-44793-008,Стадион в с. Козаревец,Стадион,с. Козаревец,Велико Търново,Лясковец
С-73198-021,"""Спортен комплекс за биатлон и стрелба""",Спортен комплекс,с. Калейца,Ловеч,Троян
С-73198-009,"СПОРТНА БАЗА В СОУ ""КЛИМЕНТ ОХРИДСКИ""",Училищна спортна база,гр. Троян,Ловеч,Троян
С-44793-007,Резервен терен за спортни нужди,Спортна площадка,с. Козаревец,Велико Търново,Лясковец
С-44793-002,Спортна площадка,Спортна площадка,гр. Лясковец,Велико Търново,Лясковец
С-27190-003,"Зала за борба ""Дан Колов""",Спортна зала,гр. Елена,Велико Търново,Елена
С-27190-002,"Плувен басейн ""Елена""",Плувен комплекс,гр. Елена,Велико Търново,Елена
С-56784-082,Зала по баскетбол - район Западен,Спортна база,гр. Пловдив,Пловдив,Пловдив
С-56784-081,Зала по волейбол - район Западен,Спортна база,гр. Пловдив,Пловдив,Пловдив
С-56784-079,"Зала по спортна гимнастика - мъже към СУ ""Васил Левски""",Спортна зала,гр. Пловдив,Пловдив,Пловдив
С-56784-078,"Зала по спортна гимнастика - жени към СУ ""Васил Левски""",Спортна зала,гр. Пловдив,Пловдив,Пловдив
С-56784-076,"Многофункционална спортна зала към СУ ""Васил Левски""",Спортна база,гр. Пловдив,Пловдив,Пловдив
С-44793-001,Спортна площадка,Спортна площадка,гр. Лясковец,Велико Търново,Лясковец
С-57491-020,"ОУ ""Св.св.Кирил и Методий""",Училищна спортна база,с. Порой,Бургас,Поморие
С-57491-001,Спортна площадка в с. Порой,Спортна площадка,с. Порой,Бургас,Поморие
С-63427-049,Съблекални,Административна сграда,гр. Русе,Русе,Русе
С-63427-048,Тренировъчна лекоатлетическа писта,Спортна площадка,гр. Русе,Русе,Русе
С-30962-002,Спортна зала,Спортна зала,гр. Златарица,Велико Търново,Златарица
С-37798-014,Клуб по тенис на маса с.Бутан,Спортен салон,с. Бутан,Враца,Козлодуй
С-37798-015,Физкултурен салон и шахматна зала с.Гложене,Спортен салон,с. Гложене,Враца,Козлодуй
С-37798-016,Физкултурен салон с. Хърлец,Спортен салон,с. Хърлец,Враца,Козлодуй
С-62075-012,"ОУ ""Христо Ботев""",Училищна спортна база,гр. Раковски,Пловдив,Раковски
С-67338-009,спортно игрище,Игрище,гр. Сливен,Сливен,Сливен
С-67338-010,спортно игрище,Игрище,гр. Сливен,Сливен,Сливен
С-67338-011,Тенис кортове - 2 бр.,Игрище,гр. Сливен,Сливен,Сливен
С-67338-012,"СЗ ""Младост""",Спортна зала,гр. Сливен,Сливен,Сливен
С-67338-013,"СЗ ""Борба""",Спортна зала,гр. Сливен,Сливен,Сливен
С-67338-019,волейболно игрище,Спортна площадка,с. Биково,Сливен,Сливен
С-44793-006,Стадион,Стадион,,Велико Търново,
С-67338-030,Тенис корт,Игрище,гр. Сливен,Сливен,Сливен
С-68134-378,Спортна база към Колежа по телекомуникации и пощи - София,Спортна база,гр. София,София (столица),Столична
С-10135-027,Спортна база към Технически университет - Варна,Спортна база,гр. Варна,Варна,Варна
С-10447-040,"Университетски спортен център към ВУ ""Св. св. Кирил и Методий""",Спортна база,гр. Велико Търново,Велико Търново,Велико Търново
С-03504-003,Ски-писта ВИАС-ЮГ и Ски-писта ВИАС-СЕВЕР,Писта,гр. Белица,Благоевград,Белица
С-68134-377,"Спортна база към Университета по архитектура, строителство и геодезия - гр. София",Спортна база,гр. София,София (столица),Столична
С-63427-045,Гребна база,Гребен канал,с. Николово,Русе,Русе
С-00702-036,Стадион с.Стоево,Стадион,с. Стоево,Пловдив,Асеновград
С-67338-029,Игрище - Тенис корт,Игрище,гр. Сливен,Сливен,Сливен
С-67338-017,Игрище - Тенис корт,Игрище,гр. Сливен,Сливен,Сливен
С-67338-006,Спортно игрище - тенис кортове,Игрище,гр. Сливен,Сливен,Сливен
С-67338-018,Спортно игрище - колодрум,Колодрум,гр. Сливен,Сливен,Сливен
С-04279-009,"Спортен комплекс на ЮЗУ ""Неофит Рилски"" Благоевград",Спортен комплекс,гр. Благоевград,Благоевград,Благоевград
С-68134-318,103 ОУ Филиповци - физкултурен салон,Училищна спортна база,гр. София,София (столица),Столична
С-72761-003,физкултурен салон,Училищна спортна база,гр. Тополовград,Хасково,Тополовград
С-72761-005,стадион с. Радовец,Спортен комплекс,с. Радовец,Хасково,Тополовград
С-56784-072,Комбинирана площадка за мини-футбол и баскетбол в район Южен,Спортна площадка,гр. Пловдив,Пловдив,Пловдив
С-72761-001,стадион с. Радовец,Спортен комплекс,с. Радовец,Хасково,Тополовград
С-72761-006,стадион с.Устрем,Стадион,с. Устрем,Хасково,Тополовград
С-68134-333,"47 СОУ ""Христо Г.Данов"" - спортна база",Училищна спортна база,гр. София,София (столица),Столична
С-37798-013,"Физкултурен салон ОУ ""Кирил и Методи"" с.Бутан",Спортен салон,с. Бутан,Враца,Козлодуй
С-37798-012,Салон за физкултурни мероприятия  ОУ Васил Левски Козлодуй,Зала за обща физическа подготовка,гр. Козлодуй,Враца,Козлодуй
С-37798-011,Спортна зала и физкултурен салон СОУ Христо Ботев Козлодуй,Спортен салон,гр. Козлодуй,Враца,Козлодуй
С-37798-010,"Физкултурен салон в СОУ ""Св.св.Кирил и Методи"" Козлодуй",Спортен салон,гр. Козлодуй,Враца,Козлодуй
Т-52218-009,"Почивен дом ""Видима""",Туристическа база,гр. Априлци,Ловеч,Априлци
С-56784-070,"Спортна зала по борба при Спортен комплекс ""Христо Ботев""",Зала за обща физическа подготовка,гр. Пловдив,Пловдив,Пловдив
С-56784-069,"Спортна сграда към Спортен комплекс ""Христо Ботев""",Спортна база,гр. Пловдив,Пловдив,Пловдив
С-56784-068,"Зала за лека атлетика при Спортен комплекс ""Локомотив""",Спортна зала,гр. Пловдив,Пловдив,Пловдив
С-56784-066,Зала за спортна стрелба - район Южен,Стрелбище,гр. Пловдив,Пловдив,Пловдив
С-56784-064,Зала за спортна стрелба - район Северен,Стрелбище,гр. Пловдив,Пловдив,Пловдив
С-56784-063,Фитнес зала към спортна зала за фехтовка,Спортна зала,гр. Пловдив,Пловдив,Пловдив
С-56784-040,Зала - Фехтовка,Спортна зала,гр. Пловдив,Пловдив,Пловдив
С-56784-055,"Зала по борба при Спортен комплекс ""Локомотив""",Спортна зала,гр. Пловдив,Пловдив,Пловдив
С-56784-054,"Зала по бокс при Спортен комплекс ""Локомотив""",Спортна зала,гр. Пловдив,Пловдив,Пловдив
С-56784-052,"Зала по бокс и карате към Спортен комплекс ""Христо Ботев""",Спортна зала,гр. Пловдив,Пловдив,Пловдив
С-56784-051,Спортна площадка за тенис - Район Северен,Спортна площадка,гр. Пловдив,Пловдив,Пловдив
С-56784-050,Административна спортна сграда - Район Северен,Административна сграда,гр. Пловдив,Пловдив,Пловдив
С-56784-049,Спортна площадка за тенис на корт - Район Северен,Спортна площадка,гр. Пловдив,Пловдив,Пловдив
С-56784-048,"Зала за обща физическа подготовка към Спортен комплекс ""Христо Ботев""",Зала за обща физическа подготовка,гр. Пловдив,Пловдив,Пловдив
С-56784-046,"Спортна зала по тенис на маса към Спортен комплекс ""Христо Ботев""",Спортна зала,гр. Пловдив,Пловдив,Пловдив
С-56784-045,"Зала по борба при Спортен комплекс ""Христо Ботев""",Спортна зала,гр. Пловдив,Пловдив,Пловдив
С-56784-044,"Зала по художествена гимнастика към СК ""Христо Ботев""",Спортна зала,гр. Пловдив,Пловдив,Пловдив
С-37798-008,"Хижа ""БТС""",Административна сграда,гр. Козлодуй,Враца,Козлодуй
С-72761-002,"""Сакарски миньор"" - Стадион",Спортен комплекс,гр. Тополовград,Хасково,Тополовград
С-37798-001,Спортна зала,Спортна зала,гр. Козлодуй,Враца,Козлодуй
С-73626-011,"Спортно училище ""Никола Симов""",Училищна спортна база,гр. Търговище,Търговище,Търговище
С-56277-007,"ОУ""Любен Каравелов""",Училищна спортна база,гр. Пещера,Пазарджик,Пещера
С-73198-020,"ОУ""ХристоБотев"" с. Врабево",Училищна спортна база,с. Врабево,Ловеч,Троян
С-52218-001,Градски стадион,Стадион,гр. Априлци,Ловеч,Априлци
С-73198-017,"Спортна база в СОУ "" Васил Левски "" с. Черни Осъм",Училищна спортна база,с. Черни Осъм,Ловеч,Троян
С-32901-001,Спортна площадка,Спортна площадка,гр. Ихтиман,София,Ихтиман
С-32901-004,Стрелбище (Ролбан писта),Стрелбище,с. Стамболово,София,Ихтиман
С-2215-001,Спортен салон към Университета по библиотекознание и информационни технологии,Спортен салон,гр. София,София (столица),Столична
С-56277-006,"ЕСПУ""П.Р.Славейков""",Училищна спортна база,гр. Пещера,Пазарджик,Пещера
С-56277-005,"ОУ""Патриарх  Евтимий""",Училищна спортна база,гр. Пещера,Пазарджик,Пещера
С-56277-004,"ЕСПУ ""Кл. Охридски""",Училищна спортна база,гр. Пещера,Пазарджик,Пещера
С-56277-002,"Спортна площадка - ""Кавказ""",Спортна площадка,гр. Пещера,Пазарджик,Пещера
С-65869-016,спортна площадка,Училищна спортна база,гр. Своге,София,Своге
С-65869-015,спортна площадка,Училищна спортна база,с. Свидня,София,Своге
С-48297-003,"СОУ""Проф.д-р Асен Златаров"" - Спортна площадка",Училищна спортна база,с. Минерални бани,Хасково,Минерални бани
С-87374-069,"Спортна база на ОУ""Димчо Дебелянов""-Ямбол",Училищна спортна база,гр. Ямбол,Ямбол,Ямбол
С-87374-068,"Спортна база на Спортно училище ""Пиер дьо Кубертен""-Ямбол",Училищна спортна база,гр. Ямбол,Ямбол,Ямбол
С-87374-067,"Спортна база на ОУ""Христо Смирненски""-Ямбол",Училищна спортна база,гр. Ямбол,Ямбол,Ямбол
С-87374-066,"Спортна база на ОУ""П.Р.Славейков""-Ямбол",Училищна спортна база,гр. Ямбол,Ямбол,Ямбол
С-87374-065,"Спортна база на ОУ""Любен Каравелов""-Ямбол",Училищна спортна база,гр. Ямбол,Ямбол,Ямбол
С-87374-056,Младежки парк,Спортен комплекс,гр. Ямбол,Ямбол,Ямбол
С-87374-046,"Спортна база на ГПЧЕ""В.Карагьозов"" и НУ""Проф.П.Нойков""-Ямбол",Училищна спортна база,гр. Ямбол,Ямбол,Ямбол
С-87374-064,"Спортна база на Начално училище""Св.св.Кирил и Методий""-Ямбол",Училищна спортна база,гр. Ямбол,Ямбол,Ямбол
С-87374-063,"Спортна база на ОУ""Йордан Йовков""-Ямбол",Училищна спортна база,гр. Ямбол,Ямбол,Ямбол
С-87374-062,"Спортна база на ОУ""Николай Петрини""-Ямбол",Училищна спортна база,гр. Ямбол,Ямбол,Ямбол
С-87374-061,"Спортна база на Г""В.Левски""-Ямбол и МГ""Ат.Радев""-Ямбол",Училищна спортна база,гр. Ямбол,Ямбол,Ямбол
С-48297-002,"Стадион ""Христо Ботев"" - с. Брястово",Стадион,с. Брястово,Хасково,Минерални бани
С-87374-060,"Спортна база на СОУ""Св.Кл.Охридски""-Ямбол",Училищна спортна база,гр. Ямбол,Ямбол,Ямбол
С-87374-059,"Спортна база на ОУ""Д-р Петър Берон""-Ямбол",Училищна спортна база,гр. Ямбол,Ямбол,Ямбол
С-10447-035,Тенис кортове и трибуни,Спортна база,гр. Велико Търново,Велико Търново,Велико Търново
С-66425-013,"ОУ ""Св. Св. Кирил и Методий""",Спортна база,с. Калипетрово,Силистра,Силистра
С-66425-012,"СОУ ""Н. Й. Вапцаров""",Спортна площадка,гр. Силистра,Силистра,Силистра
С-10447-021,УПИ отреден за спорт и атракции,Спортен комплекс,гр. Килифарево,Велико Търново,Велико Търново
С-10447-020,УПИ за спорт и атракции,Спортен комплекс,с. Самоводене,Велико Търново,Велико Търново
С-10447-002,Тренировъчни зали,Комплекс от спортни сгради,гр. Велико Търново,Велико Търново,Велико Търново
С-10447-012,"ОУ ""П.Р. Славейков""",Училищна спортна база,гр. Велико Търново,Велико Търново,Велико Търново
С-10447-010,"СОУ ""Владимир Комаров""",Училищна спортна база,гр. Велико Търново,Велико Търново,Велико Търново
С-10447-015,"ЕГ "" Проф. д-р Асен Златаров""",Училищна спортна база,гр. Велико Търново,Велико Търново,Велико Търново
С-10447-008,"ОУ ""Бачо Киро""",Училищна спортна база,гр. Велико Търново,Велико Търново,Велико Търново
Т-02676-003,"Курортно - туристическа сграда в местност""Логовете""гр.Добринище",Туристическа база,гр. Добринище,Благоевград,Банско
С-27303-006,Стадион,Спортен комплекс,,София,
С-27303-003,Терен за стадион,Стадион,с. Лесново,София,Елин Пелин
С-27303-004,"""др.селищна територия"" /спортни игри/",Стадион,с. Равно поле,София,Елин Пелин
С-27303-002,"Спортна зала ""инж.Янко Янков""",Спортна зала,гр. Елин Пелин,София,Елин Пелин
С-48324-002,Основно у-ще - с. Мирково,Училищна спортна база,с. Мирково,София,Мирково
С-66425-010,"ОСУ ""Дръстър""",Спортна площадка,гр. Силистра,Силистра,Силистра
С-66425-011,"ОУ ""Св. Климент Охридски""",Училищна спортна база,,Силистра,
С-23409-005,"Спортна площадка в ""Училище"" гр.Драгоман",Спортна площадка,гр. Драгоман,София,Драгоман
С-23409-001,Училищна спортна площадка - гр.Драгоман,Спортна площадка,гр. Драгоман,София,Драгоман
С-68134-068,"Стадион - кв. Ботунец, район Кремиковци",Стадион,гр. София,София (столица),Столична
С-66425-009,"ОУ ""Св. Св. Кирил и Методий""",Училищна спортна база,гр. Силистра,Силистра,Силистра
С-66425-008,"ЕГ ""Пейо Яворов""",Училищна спортна база,гр. Силистра,Силистра,Силистра
С-66425-007,"ОУ ""Иван Вазов""",Училищна спортна база,гр. Силистра,Силистра,Силистра
С-07603-010,физкултурен салон,Училищна спортна база,,Русе,
С-67338-016,Открита лекоатлетическа писта,Писта,гр. Сливен,Сливен,Сливен
С-67338-015,Открита волейболна площадка,Спортна площадка,гр. Сливен,Сливен,Сливен
С-68134-224,"23 ЕСПУ ""Фредерик Жолио Кюри""",Училищна спортна база,гр. София,София (столица),Столична
С-68134-106,"спортна база на 10 СОУ  „Теодор Траянов"", Младост",Училищна спортна база,гр. София,София (столица),Столична
С-68134-057,Хандбално игрище - гр. Нови Искър,Игрище,гр. София,София (столица),Столична
С-56784-043,"Спортни площадки КСУ ""Св.Георги""-Пловдив",Училищна спортна база,гр. Пловдив,Пловдив,Пловдив
С-12259-006,"Открит плувен басейн - СК ""Христо Ботев""",Басейн,гр. Враца,Враца,Враца
С-12259-027,"НУ ""Иван Вазов"" - гр. Враца",Училищна спортна база,гр. Враца,Враца,Враца
С-12259-018,"ОУ ""Св. Климент Охридски"" - с. Тишевица",Училищна спортна база,с. Тишевица,Враца,Враца
С-52009-007,Физкултурен салон,Училищна спортна база,гр. Нови пазар,Шумен,Нови пазар
С-07603-013,"ОУ ""Неофит Рилски""",Училищна спортна база,,Русе,
С-07603-012,"СОУ ""Панайот Волов""",Училищна спортна база,,Русе,
С-07603-011,"ОУ ""Никола Йонков Вапцаров""",Училищна спортна база,,Русе,
С-52009-006,Физкултурен салон,Училищна спортна база,гр. Нови пазар,Шумен,Нови пазар
С-07603-009,"НУ ""Св. св. Кирил и Методий""",Училищна спортна база,,Русе,
С-52009-005,"Физкултурен салон с плувен басейн СОУ ""Васил Левски""",Училищна спортна база,гр. Нови пазар,Шумен,Нови пазар
С-52009-004,Тенис корт,Спортна площадка,гр. Нови пазар,Шумен,Нови пазар
С-52009-003,няма,Спортна зала,гр. Нови пазар,Шумен,Нови пазар
С-52009-001,"Стадион ""Христо Ботев""",Стадион,гр. Нови пазар,Шумен,Нови пазар
С-12259-030,"СОУ ""Никола Войводов"" - гр. Враца",Училищна спортна база,гр. Враца,Враца,Враца
С-61460-001,Стадион и прилежаща спортна база,Стадион,гр. Раднево,Стара Загора,Раднево
С-61460-008,Стадион в с.Коларово,Стадион,с. Коларово,Стара Загора,Раднево
С-61460-010,Стадион,Стадион,,Стара Загора,
С-61460-009,Стадион в с.Сърнево,Стадион,с. Сърнево,Стара Загора,Раднево
С-61460-004,"ОУ ""Йордан Йовков""",Училищна спортна база,с. Трояново,Стара Загора,Раднево
С-61460-007,"ОУ ""Св. св. Кирил и Методий"", с. Сърнево",Училищна спортна база,с. Сърнево,Стара Загора,Раднево
С-61460-006,"ОУ ""Поп Минчо""",Училищна спортна база,с. Коларово,Стара Загора,Раднево
С-61460-005,"II ОУ ""Св. Паисий Хилендарски""",Училищна спортна база,гр. Раднево,Стара Загора,Раднево
С-61460-002,"I-во ОУ""Св.Климемт Охридски""",Училищна спортна база,гр. Раднево,Стара Загора,Раднево
С-61460-003,"СОУ ""Гео Милев""",Училищна спортна база,гр. Раднево,Стара Загора,Раднево
С-68134-348,"117 СОУ ""св.св.Кирил и Методий"" Бухово",Училищна спортна база,гр. София,София (столица),Столична
С-68134-346,"117 СОУ ""Св.св. Кирил и Методий"" - спортна база",Училищна спортна база,гр. София,София (столица),Столична
С-07603-008,Стадион,Стадион,,Русе,
С-07603-006,Стадион,Стадион,,Русе,
С-07603-007,Стадион,Стадион,,Русе,
С-07603-005,Стадион,Стадион,,Русе,
С-07603-004,Стадион,Стадион,,Русе,
С-07603-003,Стадион,Стадион,,Русе,
С-07603-002,СТАДИОН,Стадион,,Русе,
С-10642-013,"ОУ ""П. Р. Славейков"", с.Изгрев",Училищна спортна база,с. Изгрев,Шумен,Венец
С-10642-004,Футболно игрище с.Венец,Игрище,с. Венец,Шумен,Венец
С-10642-012,Сграда на бивш младежки дом ВЕНЕЦ,Спортна зала,с. Венец,Шумен,Венец
С-10642-003,"ОУ ""Христо Смирненски"" в село Ясенково",Училищна спортна база,с. Ясенково,Шумен,Венец
С-10642-008,Футболно игрище в село Борци,Игрище,с. Борци,Шумен,Венец
С-10642-006,Футболно игрище в с.Дренци,Стадион,с. Дренци,Шумен,Венец
С-10642-005,"СОУ ""Н.Й.Вапцаров""",Училищна спортна база,с. Венец,Шумен,Венец
С-10642-001,"Стадион ""Ясен"" в село Ясенково",Стадион,с. Ясенково,Шумен,Венец
С-10642-011,Спортен терен с.Капитан Петко,Игрище,с. Капитан Петко,Шумен,Венец
С-10642-007,Спортен терен с.Изгрев,Игрище,с. Изгрев,Шумен,Венец
С-10642-010,Спортен терен с.Боян,Игрище,с. Боян,Шумен,Венец
С-10642-009,Спортен терен в с.Осеновец,Стадион,с. Осеновец,Шумен,Венец
С-10642-002,Младежки клуб село Ясенково,Спортна зала,с. Ясенково,Шумен,Венец
С-21052-017,Стадион с.Горски извор,Стадион,с. Горски извор,Хасково,Димитровград
С-02676-015,Стадион гр. Добринище,Стадион,гр. Добринище,Благоевград,Банско
С-02676-001,Спортна площадка - пл. Илинден,Спортна площадка,гр. Банско,Благоевград,Банско
С-02676-004,Басейн - гр. Добринище,Басейн,гр. Добринище,Благоевград,Банско
С-02676-002,Спортна площадка - ул.Драма,Спортна площадка,гр. Банско,Благоевград,Банско
С-02676-008,Фитнес зала-ЦРД,Фитнес зала,гр. Банско,Благоевград,Банско
С-53552-006,СПОРТНО ИГРИЩЕ С. ГЪРЧИНОВО,Игрище,с. Гърчиново,Търговище,Опака
С-02676-012,Основно Училище- гр. Добринище,Училищна спортна база,гр. Добринище,Благоевград,Банско
С-02676-013,Начално училище - гр. Банско,Училищна спортна база,гр. Банско,Благоевград,Банско
С-02676-011,"СОУ 'Н.Рилски""",Училищна спортна база,гр. Банско,Благоевград,Банско
С-53552-007,СПОРТНО ИГРИЩЕ С. ГОРСКО АБЛАНОВО,Игрище,,Търговище,
С-68727-007,"ОУ "" Христо Ботев"" с. Долно Ботево",Училищна спортна база,с. Долно Ботево,Хасково,Стамболово
С-68727-006,"ОУ "" Христо Ботев"" с. Силен",Училищна спортна база,с. Силен,Хасково,Стамболово
Т-02676-002,Почивен лагер в гр.Добринище,Туристическа база,гр. Добринище,Благоевград,Банско
С-36079-016,"ОУ ""Панайот Волов""",Училищна спортна база,с. Тодор Икономово,Шумен,Каолиново
С-36079-015,"Спортна площадка към ОУ ""Христо Смирненски""",Училищна спортна база,,Шумен,
С-87338-005,"Физкултурен салон към ПГ-М ""П.Р.Славейков""",Училищна спортна база,гр. Якоруда,Благоевград,Якоруда
С-83510-002,Тенис кортове,Спортна база,гр. Шумен,Шумен,Шумен
С-05548-001,Спортен комплекс,Стадион,с. Борован,Враца,Борован
С-46663-002,СПОРТНА ЗАЛА - МАЛКО ТЪРНОВО,Спортна зала,гр. Малко Търново,Бургас,Малко Търново
С-44402-003,Физкултурен салон,Училищна спортна база,с. Оряховец,Смолян,Баните
С-44402-002,Физкултурен салон,Спортен салон,с. Давидково,Смолян,Баните
С-44402-001,Физкултурен салон,Училищна спортна база,с. Баните,Смолян,Баните
С-77181-014,"ОУ ""Иван Вазов""",Училищна спортна база,с. Славяново,Хасково,Харманли
С-77181-011,"Физкултурен салон към ОУ""Христо Ботев"" с.Българин",Училищна спортна база,с. Българин,Хасково,Харманли
С-77181-013,"ОУ""Христо Ботев""с.Бисер",Училищна спортна база,с. Бисер,Хасково,Харманли
С-77181-012,"""ОУ Св.Св.Кирил и Методий""",Училищна спортна база,с. Иваново,Хасково,Харманли
С-77181-008,"Зала за волейбол в Спортен комплекс ""Хеброс""",Спортен комплекс,гр. Харманли,Хасково,Харманли
С-83510-033,"Стадион ""Чавдар"" кв.Дивдядово",Стадион,,Шумен,
С-83510-031,Стадион с.Мадара,Спортна база,с. Мадара,Шумен,Шумен
С-12259-032,Професионална гимназия по строителство и архитектура - гр. Враца,Училищна спортна база,гр. Враца,Враца,Враца
С-12259-031,"ОУ ""Св. св. Кирил и Методий"" - гр. Враца",Училищна спортна база,гр. Враца,Враца,Враца
С-12259-029,"ОУ ""Св. Св. Кирил и Методий"" - с. Девене",Училищна спортна база,с. Девене,Враца,Враца
С-83510-007,"Спортна зала ""Юнак""",Спортна зала,гр. Шумен,Шумен,Шумен
С-12259-028,"НУ ""Св. Софроний Врачански""",Училищна спортна база,гр. Враца,Враца,Враца
С-12259-026,"НУ ""Иванчо Младенов"" - гр. Враца",Училищна спортна база,гр. Враца,Враца,Враца
С-12259-025,"СОУ ""Отец Паисий"" - гр. Враца",Училищна спортна база,гр. Враца,Враца,Враца
С-12259-024,"ОУ ""Васил Левски"" - гр. Враца",Училищна спортна база,гр. Враца,Враца,Враца
С-12259-023,"ПТГ "" Н.Й.Вапцаров""",Училищна спортна база,гр. Враца,Враца,Враца
С-12259-021,"ЕГ ""Йоан Екзарх"" - гр. Враца",Училищна спортна база,гр. Враца,Враца,Враца
С-12259-020,"СОУ ""Васил Кънчов"" - гр. Враца",Училищна спортна база,гр. Враца,Враца,Враца
С-12259-019,"СОУ ""Козма Тричков"" - гр. Враца",Училищна спортна база,гр. Враца,Враца,Враца
С-12259-016,"ПМГ ""Акад. Иван Ценов"" - гр. Враца",Училищна спортна база,гр. Враца,Враца,Враца
С-12259-015,"СУ ""Св.Климент Охридски"" - гр. Враца",Училищна спортна база,гр. Враца,Враца,Враца
С-68134-109,"физкултурен салон на 82 ОУ ""Васил Априлов"", Младост",Училищна спортна база,гр. София,София (столица),Столична
С-68134-240,"Спортна база на 104 ОУ „Захари Стоянов”, Триадица",Училищна спортна база,гр. София,София (столица),Столична
С-68134-031,"спортна база на 84 ОУ „Васил Левски”, с. Герман, Панчарево",Училищна спортна база,,София град,
С-68134-108,81 СОУ „Виктор Юго”,Училищна спортна база,гр. София,София (столица),Столична
С-68134-107,"спортна база   на 39 СОУ „Петър Динеков”, р-н Младост",Училищна спортна база,гр. София,София (столица),Столична
С-68134-033,"Спортна база на 200 ОУ ""Отец Паисий"", с.Лозен, Панчарево",Училищна спортна база,с. Лозен,София (столица),Столична
С-68134-100,"Многофункционална спортна площадка - жк.Младост 4,ул. ""Самара""",Спортна площадка,гр. София,София (столица),Столична
С-68134-093,Спортно игрище - с. Балша,Игрище,с. Балша,София (столица),Столична
С-68134-226,Спортна площадка за футбол и баскетбол,Спортна площадка,гр. София,София (столица),Столична
С-68134-065,Многофункционлна спортна площадка с. Чепинци,Спортна площадка,с. Чепинци,София (столица),Столична
С-46663-001,ГРАДСКИ СТАДИОН- МАЛКО ТЪРНОВО,Стадион,гр. Малко Търново,Бургас,Малко Търново
С-83510-029,"ОУ ""Панайот Волов"" с.Мадара",Училищна спортна база,с. Мадара,Шумен,Шумен
С-83510-028,"ІХ ОУ ""Панайот Волов""",Училищна спортна база,,Шумен,
С-68134-058,Спортно игрище в с. Подгумер,Стадион,с. Подгумер,София (столица),Столична
С-83510-027,"ОУ ""Никола Йонков Вапцаров"" с.Дибич",Училищна спортна база,с. Дибич,Шумен,Шумен
С-55052-007,Спортен комплекс за стадион,Спортен комплекс,с. Лесичери,Велико Търново,Павликени
С-55052-009,Спортен комплек,Спортен комплекс,с. Недан,Велико Търново,Павликени
С-55052-008,Стадион,Стадион,с. Михалци,Велико Търново,Павликени
С-55052-011,Физкултурен парк,Спортен комплекс,с. Горна Липница,Велико Търново,Павликени
С-55052-010,Спортен комплекс,Спортен комплекс,с. Патреш,Велико Търново,Павликени
С-65766-001,"Градски стадион ""Академик""",Стадион,гр. Свищов,Велико Търново,Свищов
С-83510-026,"НУ ""Илия Р.Блъсков""",Училищна спортна база,гр. Шумен,Шумен,Шумен
С-65766-006,Тренировъчен салон,Спортен салон,гр. Свищов,Велико Търново,Свищов
С-65766-005,Тренировъчен салон,Спортен салон,гр. Свищов,Велико Търново,Свищов
С-65766-004,Спортна зала,Спортна зала,гр. Свищов,Велико Търново,Свищов
С-65766-010,Стадион,Стадион,с. Козловец,Велико Търново,Свищов
С-65766-009,Стадион,Стадион,с. Българско Сливово,Велико Търново,Свищов
С-65766-015,"ОУ ""Христо Ботев""",Училищна спортна база,с. Алеково,Велико Търново,Свищов
С-65766-017,"ОУ ""Св.Св. Кирил и Методий""",Училищна спортна база,с. Овча могила,Велико Търново,Свищов
С-65766-016,"ОУ ""Св.Св. Кирил и Методий""",Училищна спортна база,с. Морава,Велико Търново,Свищов
С-83510-025,"ОУ ""Христо Ботев"" с.Ивански",Училищна спортна база,с. Ивански,Шумен,Шумен
С-65766-014,"ОУ ""П. Славейков""",Училищна спортна база,с. Козловец,Велико Търново,Свищов
С-83510-024,"СОУ ""Йоан Екзарх Български""",Училищна спортна база,гр. Шумен,Шумен,Шумен
С-65766-019,"СОУ ""Цветан Радославов""",Училищна спортна база,гр. Свищов,Велико Търново,Свищов
С-83510-023,"ОУ ""Христо Ботев"" с.Друмево",Училищна спортна база,с. Друмево,Шумен,Шумен
С-83510-022,"Начално училище ""Княз Борис І""",Училищна спортна база,гр. Шумен,Шумен,Шумен
С-03366-001,"Спортна зала за борба ""Класик""",Спортна зала,гр. Белене,Плевен,Белене
С-68850-008,"Спортна зала ""Спортна школа""",Спортна зала,гр. Стара Загора,Стара Загора,Стара Загора
С-68850-005,ЗАЛА ПО БОРБА,Спортна зала,гр. Стара Загора,Стара Загора,Стара Загора
С-72624-029,"ОУ ""Христо Ботев""",Училищна спортна база,с. Владимирово,Добрич,Добрич-селска
С-72624-028,"ОУ ""Димитър Минчев""",Училищна спортна база,с. Паскалево,Добрич,Добрич-селска
С-72624-027,"ОУ ""Н. Вапцаров""",Училищна спортна база,с. Карапелит,Добрич,Добрич-селска
С-72624-026,"ОУ ""Св. св Кирил и Методий"" в с. Ведрина""",Училищна спортна база,с. Ведрина,Добрич,Добрич-селска
С-72624-025,"ОУ ""Отец Паисий"" в с. Овчарово",Училищна спортна база,с. Овчарово,Добрич,Добрич-селска
С-72624-024,"ОУ ""Неофит Рилски""",Училищна спортна база,с. Ловчанци,Добрич,Добрич-селска
С-72624-023,"ОУ ""Климент Охридски""",Училищна спортна база,с. Смолница,Добрич,Добрич-селска
С-72624-022,"училище ""Отец Паисий"" в с. Батово",Училищна спортна база,с. Батово,Добрич,Добрич-селска
С-72624-021,"ОУ ""Св. св. Кирил и Методий""",Училищна спортна база,с. Дончево,Добрич,Добрич-селска
С-72624-020,"ОУ ""Пейо Яворов""",Училищна спортна база,с. Стефаново,Добрич,Добрич-селска
С-72624-019,"ОУ ""Стефан Караджа"" в с. Житница",Училищна спортна база,с. Житница,Добрич,Добрич-селска
С-72624-018,"ОУ ""Добри Войников""",Училищна спортна база,с. Победа,Добрич,Добрич-селска
С-72624-017,"ОУ ""Христо Ботев"" в с. Стожер",Училищна спортна база,с. Стожер,Добрич,Добрич-селска
С-72624-016,"ОУ ""Васил Левски"" в с. Божурово",Училищна спортна база,с. Божурово,Добрич,Добрич-селска
С-03592-004,СТАДИОН,Стадион,с. Аканджиево,Пазарджик,Белово
С-03592-002,СТАДИОН,Стадион,с. Момина клисура,Пазарджик,Белово
С-03592-001,СПОРТНО ИГРИЩЕ,Игрище,с. Мененкьово,Пазарджик,Белово
С-77181-003,"Физк.салон ОУ ""Отец Паисий""",Училищна спортна база,гр. Харманли,Хасково,Харманли
С-77181-010,Плувен комплекс,Спортен комплекс,гр. Харманли,Хасково,Харманли
С-68850-003,Колодрум,Колодрум,гр. Стара Загора,Стара Загора,Стара Загора
С-83510-021,"ІІ ОУ ""Д-р Петър Берон""",Училищна спортна база,гр. Шумен,Шумен,Шумен
С-00151-017,Открито баскетболно игрище,Игрище,гр. Айтос,Бургас,Айтос
С-00151-013,"Физкултурен салон в ОУ""Христо Ботев""с.Пирне",Училищна спортна база,с. Пирне,Бургас,Айтос
С-00151-014,"Физкултурен салон в Основно училище""Христо Ботев""с.Мъглен",Училищна спортна база,с. Мъглен,Бургас,Айтос
С-00151-007,"Физкултурен салон в ОУ""Светлина""с.Тополица",Училищна спортна база,с. Тополица,Бургас,Айтос
С-00151-006,"Физкултурен салон в ОУ""Св.св.Кирил и Методий""с.Карагеоргиево",Училищна спортна база,с. Карагеоргиево,Бургас,Айтос
С-00151-015,Стадион в с. Пирне,Стадион,с. Пирне,Бургас,Айтос
С-00151-016,Терен за спорт,Стадион,с. Поляново,Бургас,Айтос
С-10971-005,Гребна база,Спортна база,гр. Видин,Видин,Видин
С-00151-004,"Физкултурен салон в СОУ""Христо Ботев"" - гр.Айтос",Училищна спортна база,гр. Айтос,Бургас,Айтос
С-00151-005,"Физкултурен салон в СОУ""Никола  Вапцаров""",Училищна спортна база,гр. Айтос,Бургас,Айтос
С-77181-002,"Физк. салон ОУ""Иван Вазов""",Училищна спортна база,гр. Харманли,Хасково,Харманли
С-00151-012,Плувен басейн,Басейн,гр. Айтос,Бургас,Айтос
С-77181-001,"Физк.салон СОУ ""Неофит Рилски""",Училищна спортна база,гр. Харманли,Хасково,Харманли
С-23947-008,"Спортна площадка на ПТГ "" Димитър Крусев""",Спортна площадка,гр. Дряново,Габрово,Дряново
С-56722-033,"ОУ ""ХР. БОТЕВ"" в с. Мечка",Училищна спортна база,с. Мечка,Плевен,Плевен
С-77181-004,"Физк.салон ОУ""Ал.Константинов""",Училищна спортна база,гр. Харманли,Хасково,Харманли
С-23947-007,"Спортна зала на ОУ"" Васил Априлов "", с.Гостилица",Спортна база,с. Гостилица,Габрово,Дряново
С-10135-023,Дворец на културата и спорта,Спортна зала,гр. Варна,Варна,Варна
С-61813-018,"ОУ "" Св.Св. Кирил и Методий"" - с.Бачево",Училищна спортна база,с. Бачево,Благоевград,Разлог
С-55052-006,Спортен комплекс,Спортен комплекс,с. Дъскот,Велико Търново,Павликени
С-61813-017,"Физкултурен салон към ОУ ""Св. Климент Охридски""- с. Добърско",Училищна спортна база,с. Добърско,Благоевград,Разлог
С-83510-020,"СОУ ""Сава Доброплодни"" - спортна база",Училищна спортна база,гр. Шумен,Шумен,Шумен
С-55052-005,Спортна зала,Спортна зала,гр. Павликени,Велико Търново,Павликени
С-55052-001,Физкултурен парк,Спортна база,гр. Павликени,Велико Търново,Павликени
С-55052-004,Стадион,Стадион,с. Сломер,Велико Търново,Павликени
С-10135-006,"Стадион ""Владислав Варненчик""",Стадион,гр. Варна,Варна,Варна
С-10135-018,"Тенис корт ""Чайка""",Спортна площадка,гр. Варна,Варна,Варна
С-65766-018,"ОУ ""Христо Ботев""",Училищна спортна база,с. Ореш,Велико Търново,Свищов
С-83510-019,"ІІІ-то ОУ ""Димитър Благоев"" - спортна база",Училищна спортна база,гр. Шумен,Шумен,Шумен
С-83510-018,"ПМГ ""Нанчо Попович"" - спортна база",Училищна спортна база,гр. Шумен,Шумен,Шумен
Т-52218-008,"Комплекс за отдих, спорт и туризъм",Туристическа база,гр. Априлци,Ловеч,Априлци
С-83510-017,"VІ ОУ ""Еньо Марковски""",Училищна спортна база,гр. Шумен,Шумен,Шумен
С-65766-013,"СОУ ""Димитър Благоев""",Училищна спортна база,гр. Свищов,Велико Търново,Свищов
С-65766-012,"ОУ ""Филип Секелариевич""",Училищна спортна база,гр. Свищов,Велико Търново,Свищов
С-65766-011,"СОУ ""Николай Катранов""",Училищна спортна база,гр. Свищов,Велико Търново,Свищов
С-61813-015,"ОУ "" Св.Паисий Хилендарски"" - с. Баня",Училищна спортна база,с. Баня,Благоевград,Разлог
С-65766-008,Стадион,Стадион,с. Царевец,Велико Търново,Свищов
С-61813-014,"Физкултурен салон - СОУ ""Бр. Каназиреви""",Училищна спортна база,гр. Разлог,Благоевград,Разлог
С-65766-007,Стадион,Стадион,с. Ореш,Велико Търново,Свищов
С-61813-016,"Физкултурен салон към ОУ ""Неофит Рилски"" - с.Горно Драглище",Училищна спортна база,с. Горно Драглище,Благоевград,Разлог
С-56784-031,"Спортен комплекс ""Отдих и култура"" - Тенис комплекс",Спортна площадка,гр. Пловдив,Пловдив,Пловдив
С-65766-002,Спортна зала - тенис зала,Спортна зала,гр. Свищов,Велико Търново,Свищов
С-61813-004,"Физкултурен салон - ОУ ""Бр.Миладинови""",Училищна спортна база,с. Елешница,Благоевград,Разлог
С-83510-016,"СОУ ""Панайот Волов"" - спортна база",Училищна спортна база,гр. Шумен,Шумен,Шумен
С-83510-015,"ГПЧЕ ""Никола Й.Вапцаров"" - спортна база",Училищна спортна база,гр. Шумен,Шумен,Шумен
С-83510-014,"ОУ ""Св.Св. Кирил и Методий"" в с.Царев брод",Училищна спортна база,с. Царев брод,Шумен,Шумен
С-12259-010,"Спортна зала ""Вестител""",Спортна зала,гр. Враца,Враца,Враца
С-83510-013,"ОУ ""Васил Левски"" в с.Градище",Училищна спортна база,с. Градище,Шумен,Шумен
С-68080-006,"НУ ""Неделя Петкова""",Училищна спортна база,гр. Сопот,Пловдив,Сопот
С-83510-011,"СОУ ""Трайко Симеонов"" - спортна база",Училищна спортна база,гр. Шумен,Шумен,Шумен
С-41112-031,"ПМГ ""Проф. Емануил Иванов""",Спортна зала,гр. Кюстендил,Кюстендил,Кюстендил
С-41112-030,"Гимназия ""Неофит Рилски""",Спортна площадка,гр. Кюстендил,Кюстендил,Кюстендил
С-83510-012,"СОУ ""Васил Левски"" - училищна спортна база",Училищна спортна база,гр. Шумен,Шумен,Шумен
С-41112-029,"Гимназия ""Неофит Рилски""",Спортен салон,гр. Кюстендил,Кюстендил,Кюстендил
С-41112-028,"ОУ ""Св. Паисий Хилендарски""""",Спортен салон,гр. Кюстендил,Кюстендил,Кюстендил
С-41112-023,"ОУ ""Св. Св. Кирил и Методий"", гр. Кюстендил",Училищна спортна база,гр. Кюстендил,Кюстендил,Кюстендил
С-41112-026,"ОУ ""Иван Вазов"", гр. Кюстендил",Спортна площадка,гр. Кюстендил,Кюстендил,Кюстендил
С-41112-025,"ОУ ""Проф. Марин Дринов""",Училищна спортна база,гр. Кюстендил,Кюстендил,Кюстендил
С-41112-024,"ОУ ""Даскал Димитри"", гр. Кюстендил",Спортна зала,гр. Кюстендил,Кюстендил,Кюстендил
С-41112-027,"ОУ ""Христо Ботев"" и Спортно училище ""Васил Левски""",Спортен салон,гр. Кюстендил,Кюстендил,Кюстендил
С-44793-004,Спортен комплекс,Спортен комплекс,с. Добри дял,Велико Търново,Лясковец
С-68080-003,Баскетболно игрище,Спортна площадка,гр. Сопот,Пловдив,Сопот
С-68080-004,"СОУ ""Иван Вазов""",Училищна спортна база,гр. Сопот,Пловдив,Сопот
С-68080-002,Волейболно игрище,Спортна площадка,гр. Сопот,Пловдив,Сопот
С-68080-001,Басктеболно игрище,Спортна площадка,гр. Сопот,Пловдив,Сопот
С-52009-002,"Спортна зала ""Боян Боянов""",Спортна зала,гр. Нови пазар,Шумен,Нови пазар
С-68134-310,Спортна площадка  срещу 97 СОУ „Братя Миладинови”,Спортна площадка,гр. София,София (столица),Столична
С-68134-144,"78 СОУ ""Христо Смирненски""",Училищна спортна база,гр. София,София (столица),Столична
С-68134-197,68 СОУ „Акад.Никола Обрешков”,Училищна спортна база,гр. София,София (столица),Столична
С-68134-325,физултурен салон №1 в 96 СОУ „Лев Николаевич Толстой”,Училищна спортна база,гр. София,София (столица),Столична
С-68134-167,"Физкултурен салон на 131 СОУ ""Климент Аркадиевич Темирязев"",",Училищна спортна база,гр. София,София (столица),Столична
С-68134-129,"Физкултурен салон в 172 ОУ ""Христо Ботев""",Училищна спортна база,гр. София,София (столица),Столична
С-68134-265,"Спортна площадка до 14  СОУ  ""Проф. Асен Златарев""",Спортна площадка,гр. София,София (столица),Столична
С-68134-154,"Спортна база на 55-то СОУ ""Петко Кравелов""",Училищна спортна база,гр. София,София (столица),Столична
С-68134-173,"Спортна база на 153 ПГ ""Неофит Рилски""",Училищна спортна база,гр. София,София (столица),Столична
С-68134-172,"Спортна база на 141 ОУ ""Народни будители"" с преподаване на чужди езици",Училищна спортна база,гр. София,София (столица),Столична
С-68134-242,IV Сменно - вечерна гимназия /СВГ/- физкултурен салон,Училищна спортна база,гр. София,София (столица),Столична
С-68134-235,"I АЕГ/ 112 ОУ ""Стоян Заимов"",  - спортна база",Училищна спортна база,гр. София,София (столица),Столична
С-68134-143,"54 СОУ ""Св.Иван Рилски"",",Училищна спортна база,гр. София,София (столица),Столична
С-68134-314,"33 ОУ ""Санкт Петербург"" - спортна база",Училищна спортна база,гр. София,София (столица),Столична
С-68134-315,"33 Езикова гимназия ""Света София""",Училищна спортна база,гр. София,София (столица),Столична
С-68134-142,"15 СОУ ""Адам Мицкевич""",Училищна спортна база,гр. София,София (столица),Столична
С-68134-046,Физкултурен салон към 83 ОУ  „Елин Пелин”,Училищна спортна база,с. Панчарево,София (столица),Столична
С-68134-048,Физкултурен салон към 71 СОУ „ Пейо Крачоолов Яворов”,Училищна спортна база,с. Казичене,София (столица),Столична
С-68134-042,Физкултурен салон 202 ОУ „Христо Ботев”,Училищна спортна база,,София град,
С-68134-032,Физкултурен салон в 155 ОУ -  с.Кривина  „Св.Кирил и Методий”,Училищна спортна база,с. Кривина,София (столица),Столична
С-68134-034,Физкултурен салон в 192 СОУ „ Христо Ботев”,Училищна спортна база,с. Бистрица,София (столица),Столична
С-68134-041,Физкултурен салон към 191 ОУ „Отец Паисий”,Училищна спортна база,с. Железница,София (столица),Столична
С-55052-002,Футболно игрище,Стадион,с. Бутово,Велико Търново,Павликени
С-23947-006,"Физкултурен салон към ПГИ "" Рачо Стоянов""",Спортен салон,гр. Дряново,Габрово,Дряново
С-00151-002,"Физкултурен салон в ОУ""Ананас Манчев""",Училищна спортна база,гр. Айтос,Бургас,Айтос
С-05611-005,стадион село Екзарх Йосиф,Стадион,с. Екзарх Йосиф,Русе,Борово
С-05611-004,Стадион град Борово,Стадион,гр. Борово,Русе,Борово
С-05611-003,Стадион село Батин,Игрище,с. Батин,Русе,Борово
С-05611-002,Стадион село Обретеник,Стадион,с. Обретеник,Русе,Борово
С-05611-001,Стадион село Горно Абланово,Игрище,с. Горно Абланово,Русе,Борово
С-65927-022,ПГМТ,Училищна спортна база,с. Градница,Габрово,Севлиево
С-65927-021,"ПГМСС ""Марин Попов""",Училищна спортна база,гр. Севлиево,Габрово,Севлиево
С-65927-020,ПГКМП,Училищна спортна база,гр. Севлиево,Габрово,Севлиево
С-65927-019,"ПГМЕТ ""Ген. Иван Бъчваров""",Училищна спортна база,гр. Севлиево,Габрово,Севлиево
С-21097-001,"Стадион ""Христо Ботев""",Спортен комплекс,гр. Димово,Видин,Димово
С-65927-018,"СОУ ""Васил Левски'",Училищна спортна база,гр. Севлиево,Габрово,Севлиево
С-65927-017,"ОУ ""Христо Ботев"" с. Добромирка",Училищна спортна база,с. Добромирка,Габрово,Севлиево
С-65927-015,"ОУ ""Св. Солунски братя"" с. Крамолин",Училищна спортна база,с. Крамолин,Габрово,Севлиево
С-65927-014,"ОУ ""Св. Св. Кирил и Методий"" с. П. Славейково",Училищна спортна база,,Габрово,
С-65927-013,"II-ро ОУ ""Стефан Пешев""",Училищна спортна база,гр. Севлиево,Габрово,Севлиево
С-65927-010,Мотополигон с. Г. Росица,Полигон,,Габрово,
С-65927-003,"Градски парк ""Черничките""",Игрище,гр. Севлиево,Габрово,Севлиево
С-65927-009,"ОУ ""Св. Св. Кирил и Методий"" с. Градница",Училищна спортна база,с. Градница,Габрово,Севлиево
С-73198-005,Тенис кортове,Спортен комплекс,гр. Троян,Ловеч,Троян
С-65927-007,"ОУ ""Св. Св. Кирил и Методий"" с. Душево",Училищна спортна база,с. Душево,Габрово,Севлиево
С-23947-005,"Физкултурен салон към СОУ "" Максим Райкович""",Спортен салон,гр. Дряново,Габрово,Дряново
С-02676-005,Футболно игрище - с. Места,Игрище,с. Места,Благоевград,Банско
С-65927-006,"НУ ""Св. Св. Кирил и Методий""",Училищна спортна база,гр. Севлиево,Габрово,Севлиево
С-65927-005,"I-во ОУ ""Христо Ботев""",Училищна спортна база,гр. Севлиево,Габрово,Севлиево
С-55052-003,Футболно игрище,Стадион,с. Димча,Велико Търново,Павликени
С-02676-009,Вело - алея градски парк,Спортна площадка,гр. Банско,Благоевград,Банско
С-20482-004,Училищен физкултурен салон,Училищна спортна база,гр. Девня,Варна,Девня
С-20482-003,спортно игрище,Игрище,гр. Девня,Варна,Девня
С-20482-002,Игрище в с. Кипра,Игрище,с. Падина,Варна,Девня
С-20482-001,"стадион ""Повеляново""",Стадион,гр. Девня,Варна,Девня
С-68134-047,"Физкултурен салон към 201 ОУ ""Св.св.Кирил и Методий"".",Училищна спортна база,с. Лозен,София (столица),Столична
С-62075-010,"ОУ ""Христо Смирненски""",Училищна спортна база,гр. Раковски,Пловдив,Раковски
С-62075-011,"ПГ ""Петър Парчевич""",Училищна спортна база,гр. Раковски,Пловдив,Раковски
С-62075-009,"ОУ ""Христо Ботев""",Училищна спортна база,с. Шишманци,Пловдив,Раковски
С-62075-008,"ОУ ""Отец Паисий""",Училищна спортна база,с. Стряма,Пловдив,Раковски
С-62075-007,"ОУ ""Д-р Петър Берон""",Училищна спортна база,с. Чалъкови,Пловдив,Раковски
С-62075-006,"Стадион ""Момино село""",Стадион,с. Момино село,Пловдив,Раковски
С-62075-003,"Спортен комплекс ""Чавдар""",Стадион,с. Белозем,Пловдив,Раковски
С-35883-011,"Физкултурен салон в СОУ ,,Христо Ботев”- стара сграда",Училищна спортна база,гр. Камено,Бургас,Камено
С-35883-009,"Физкултурен салон в НУ ,,Браття Миладинови”",Училищна спортна база,с. Кръстина,Бургас,Камено
С-35883-010,"Физкултурен салон в СОУ ,,Христо Ботев”-нова сграда",Училищна спортна база,гр. Камено,Бургас,Камено
С-35883-007,"Физкултурен салон в  ОУ ,,Иван Вазов”",Училищна спортна база,с. Русокастро,Бургас,Камено
С-35883-008,"Физкултурен салон в ОУ ,,Христо Ботев”",Училищна спортна база,с. Трояново,Бургас,Камено
С-35883-001,Стадион,Стадион,гр. Камено,Бургас,Камено
С-12574-006,физкултурен терен,Стадион,с. Стефан Караджа,Варна,Вълчи дол
С-12574-005,физкултурен салон,Училищна спортна база,с. Червенци,Варна,Вълчи дол
С-12574-004,Парк спортно поле,Стадион,,Варна,
С-12574-003,Спортен терен,Стадион,с. Добротич,Варна,Вълчи дол
С-12574-002,физкултурен салон,Училищна спортна база,гр. Вълчи дол,Варна,Вълчи дол
С-12574-001,Баскетболно игрище,Игрище,гр. Вълчи дол,Варна,Вълчи дол
С-2206-001,Административна сграда,Административна сграда,гр. София,София (столица),Столична
С-05462-005,игрище към училище,Училищна спортна база,с. Ягодина,Смолян,Борино
С-05462-004,"Терен за спорт ""Игрище""",Игрище,с. Буйново,Смолян,Борино
С-05462-003,Физкултурен салон,Училищна спортна база,с. Буйново,Смолян,Борино
С-05462-002,училищна площадка,Училищна спортна база,с. Борино,Смолян,Борино
С-68134-363,"Спортна площадка №1 и №2,  с.Лозен, до стадиона",Спортна площадка,с. Лозен,София (столица),Столична
С-05462-001,Стадион,Стадион,с. Борино,Смолян,Борино
С-68134-359,"Гребна база - ""Финална кула, яз. Панчарево""",Спортна база,гр. София,София (столица),Столична
С-68134-132,"Спортна база на  177 ОУ ""Св.св.Кирил и Методий""",Училищна спортна база,гр. София,София (столица),Столична
С-68134-127,"ОУ ""Крали Марко"" - физкултурен салон",Училищна спортна база,гр. София,София (столица),Столична
С-83017-002,Стадион,Стадион,гр. Шабла,Добрич,Шабла
С-06570-007,"ОУ ""П.Р.Славейков""",Училищна спортна база,,Монтана,
С-06570-006,"Стадион ""Левски""",Стадион,с. Василовци,Монтана,Брусарци
С-38902-003,"ОУ ""Константин Костенечки"" - с. Костенец",Училищна спортна база,с. Костенец,София,Костенец
С-78361-008,Фитнес -център щанд за захарни изделение,Фитнес зала,с. Ценово,Русе,Ценово
С-78361-007,стадион Етър,Стадион,с. Джулюница,Русе,Ценово
С-78361-006,стадион Новград,Стадион,с. Новград,Русе,Ценово
С-78361-005,стадион Караманово,Стадион,с. Караманово,Русе,Ценово
С-78361-004,стадион Пиперково,Стадион,с. Пиперково,Русе,Ценово
С-78361-003,стадион Белцов,Стадион,с. Белцов,Русе,Ценово
С-78361-002,стадион Янтра- с.Долна Студена,Стадион,с. Долна Студена,Русе,Ценово
С-78361-001,Янтра,Стадион,с. Ценово,Русе,Ценово
С-07603-001,Спортен комплекс,Спортен комплекс,,Русе,
С-44570-005,Градски стадион,Стадион,гр. Любимец,Хасково,Любимец
С-44570-004,Физкултурен салон,Училищна спортна база,гр. Любимец,Хасково,Любимец
С-44570-002,Физкултурен салон,Училищна спортна база,гр. Любимец,Хасково,Любимец
С-44570-003,Училищна спортна площадка,Училищна спортна база,гр. Любимец,Хасково,Любимец
С-37513-001,"Стадион ""Димитровец""",Стадион,с. Ковачевци,Перник,Ковачевци
С-37513-002,Игрище,Игрище,с. Светля,Перник,Ковачевци
С-37513-004,Игрище,Игрище,с. Лобош,Перник,Ковачевци
С-37513-005,Игрище,Игрище,с. Калище,Перник,Ковачевци
С-37513-003,Игрище,Игрище,с. Егълница,Перник,Ковачевци
С-32901-008,"Физкултурен салон ОУ""Христо Смирненски""",Училищна спортна база,с. Вакарел,София,Ихтиман
С-32901-007,"Физкултурен салон ОУ""Димчо Дебелянов""",Училищна спортна база,гр. Ихтиман,София,Ихтиман
С-32901-006,"Физкултурен салон ОУ""Св.Св.Кирил и Методий""",Училищна спортна база,гр. Ихтиман,София,Ихтиман
С-32901-005,"Физкултурен салон СОУ""Хр.Ботев""",Училищна спортна база,гр. Ихтиман,София,Ихтиман
Т-65869-002,"хижа ""Родни балкани""",Туристическа база,с. Завидовци,София,Своге
Т-65869-001,"хижа ""Чукава""",Туристическа база,с. Буковец,София,Своге
С-36079-014,"Открита спортна площадка към ОУ ""Г. С. Раковски""",Училищна спортна база,с. Климент,Шумен,Каолиново
С-36079-012,"ОУ ""Никола Йонков Вапцаров""",Училищна спортна база,с. Лятно,Шумен,Каолиново
С-67800-003,ДЕТСКА ПЛОЩАДКА,Спортна площадка,гр. Созопол,Бургас,Созопол
С-67800-002,СПОРТНА ПЛОЩАДКА,Спортна площадка,с. Атия,Бургас,Созопол
С-67800-001,ЗАКРИТ ПЛУВЕН БАСЕЙН,Басейн,гр. Созопол,Бургас,Созопол
С-77195-005,"Комплекс ""Тенис - кортове""",Спортен комплекс,гр. Хасково,Хасково,Хасково
Т-46084-001,"Посетителски център и еко пътека до ""Кромлех""",Еко пътека,с. Долни Главанак,Хасково,Маджарово
Т-22006-002,"хижа ""Венетица""",Туристическа база,,София,
Т-22006-001,"хижа ""Гергиница""",Туристическа база,,София,
С-32095-008,За спортен риболов и озеленяване,Спортна площадка,с. Красен,Русе,Иваново
С-32095-007,Спортен терен,Спортна площадка,с. Щръклево,Русе,Иваново
С-73496-008,физкултурен салон,Училищна спортна база,с. Нова Черна,Силистра,Тутракан
С-32095-006,Спортно игрище,Игрище,с. Иваново,Русе,Иваново
С-73496-007,тенис корт,Спортна площадка,гр. Тутракан,Силистра,Тутракан
С-77195-007,Мотописта Балакли,Писта,с. Войводово,Хасково,Хасково
Т-44327-002,"Геопарк ""Искър- Златна Панега""",Еко пътека,с. Карлуково,Ловеч,Луковит
С-87014-001,"""Изгрев""",Спортна зала,гр. Ябланица,Ловеч,Ябланица
С-44327-003,Спортно игрище,Спортна площадка,гр. Луковит,Ловеч,Луковит
С-32095-004,Спортна база,Спортна база,с. Тръстеник,Русе,Иваново
С-65276-007,Физкултурен салон,Училищна спортна база,с. Владимировци,Разград,Самуил
С-36079-011,физкултурен салон,Училищна спортна база,с. Лятно,Шумен,Каолиново
С-32095-003,Стадион,Стадион,с. Пиргово,Русе,Иваново
С-32095-002,СТАДИОН,Стадион,с. Мечка,Русе,Иваново
С-06570-005,"СОУ ""Христо Ботев""",Училищна спортна база,гр. Брусарци,Монтана,Брусарци
С-06570-004,"Стадион ""Космос""",Стадион,с. Киселево,Монтана,Брусарци
С-73496-003,Стадион и съблекални,Стадион,гр. Тутракан,Силистра,Тутракан
С-73496-002,"Училище ""Христо Ботев""",Зала за обща физическа подготовка,гр. Тутракан,Силистра,Тутракан
С-73496-001,"Училище ""Йордан Йовков""",Училищна спортна база,гр. Тутракан,Силистра,Тутракан
С-83510-009,Градски басейн,Басейн,гр. Шумен,Шумен,Шумен
С-77195-027,"ОУ ""Христо Ботев""с. Войводово",Училищна спортна база,с. Войводово,Хасково,Хасково
С-06570-003,"Стадион ""Бенковски""",Стадион,с. Дондуково,Монтана,Брусарци
С-06570-002,Георги Бенковски,Стадион,с. Крива бара,Монтана,Брусарци
С-06570-001,"Стадион ""Христо Ботев""",Стадион,гр. Брусарци,Монтана,Брусарци
С-65276-006,Физкултурен салон,Училищна спортна база,с. Хърсово,Разград,Самуил
С-83510-008,"Градски стадион ""Панайот Волов""",Стадион,гр. Шумен,Шумен,Шумен
С-65276-005,Физкултурен салон,Училищна спортна база,с. Самуил,Разград,Самуил
С-44570-001,"Плувен басейн ""Рай""",Плувен комплекс,гр. Любимец,Хасково,Любимец
С-83510-004,"Колодрум ""Панайот Волов""",Колодрум,гр. Шумен,Шумен,Шумен
С-00415-009,с. Алеково,Училищна спортна база,с. Алеково,Силистра,Алфатар
С-83510-003,Ученически стадион,Стадион,гр. Шумен,Шумен,Шумен
С-00415-008,"ОУ""Хр. Ботев"" гр. Алфатар",Училищна спортна база,гр. Алфатар,Силистра,Алфатар
С-00415-007,"Спортна зала ""Алфатар""",Спортна зала,гр. Алфатар,Силистра,Алфатар
С-00415-006,с. Чуковец,Игрище,с. Чуковец,Силистра,Алфатар
С-00415-005,с. Цар Асен,Игрище,с. Цар Асен,Силистра,Алфатар
С-00415-004,с. Бистра,Игрище,с. Бистра,Силистра,Алфатар
С-00415-003,"Местно игрище ""Алеково""",Игрище,с. Алеково,Силистра,Алфатар
С-00415-002,"""Алфатар""",Стадион,гр. Алфатар,Силистра,Алфатар
С-00415-001,"игрище гр. Алфатар, неформален квартал ""Попово""",Игрище,гр. Алфатар,Силистра,Алфатар
С-48324-001,Футболно игрище,Спортен комплекс,с. Мирково,София,Мирково
С-81390-001,спортен комплекс,Спортен комплекс,гр. Чипровци,Монтана,Чипровци
С-32095-001,Стадион,Стадион,с. Сваленик,Русе,Иваново
С-73198-019,"Спортна база в ОУ "" Васил Левски"" с. Орешак",Училищна спортна база,с. Орешак,Ловеч,Троян
С-73198-016,"Спортна база в ОУ ""Любен Каравелов"" с. Дебнево",Училищна спортна база,с. Дебнево,Ловеч,Троян
С-73198-015,"Спортна база ОУ "" Васил Левски "" с. Борима",Училищна спортна база,с. Борима,Ловеч,Троян
С-73198-014,"Спортна база в НУ ""Христо Ботев""",Училищна спортна база,гр. Троян,Ловеч,Троян
С-73198-013,"Спортна база в ОУ "" Св. Св. Кирил и Мегодий """,Училищна спортна база,гр. Троян,Ловеч,Троян
С-00504-001,Спортна площадка,Спортна площадка,с. Антон,София,Антон
С-36079-010,Физкултурен салон,Училищна спортна база,с. Браничево,Шумен,Каолиново
С-73198-012,"Спортна база ОУ "" Иван Хаджийски """,Училищна спортна база,гр. Троян,Ловеч,Троян
С-73198-011,"СПОРТНА БАЗА  В СОУ"" ВАСИЛ ЛЕВСКИ""",Училищна спортна база,гр. Троян,Ловеч,Троян
С-73198-010,СПОРТНА БАЗА В ПГМЕТ - ТРОЯН,Училищна спортна база,гр. Троян,Ловеч,Троян
С-07598-003,"ОУ ""Отец Паисий"" гр.Бяла",Училищна спортна база,,Варна,
С-07598-002,"ОУ ""Отец Паисий"" гр. Бяла",Училищна спортна база,,Варна,
С-07598-001,Фитнес зала,Фитнес зала,,Варна,
С-65276-004,стадион,Стадион,с. Ножарово,Разград,Самуил
С-03504-002,"Стадион ""Белица""",Стадион,гр. Белица,Благоевград,Белица
С-03504-001,"Спортна зала ""Белица""",Спортна зала,гр. Белица,Благоевград,Белица
С-51319-002,Многофункционална спортна площадка,Училищна спортна база,гр. Неделино,Смолян,Неделино
С-51319-005,"Спортна площадка с. Средец, община Неделино",Училищна спортна база,с. Средец,Смолян,Неделино
С-51319-001,"Спортна база СОУ ""Св. Св. Кирил и Методий"", гр.Неделино - комплекс от 2 подобекта: физкултурен салон и игрище",Училищна спортна база,гр. Неделино,Смолян,Неделино
С-51319-004,"Спортна база ОУ ""Васил Левски"", с. Средец, община Неделино - комплекс от 2 подобекта - физкултурен салон и игрище",Училищна спортна база,с. Средец,Смолян,Неделино
С-51319-003,Спортна зала за бойни спортове,Училищна спортна база,гр. Неделино,Смолян,Неделино
С-65276-002,стадион,Стадион,с. Богданци,Разград,Самуил
С-65276-001,стадион,Стадион,с. Самуил,Разград,Самуил
С-65276-003,стадион,Стадион,с. Владимировци,Разград,Самуил
С-87338-004,плувен басейн Якоруда,Басейн,гр. Якоруда,Благоевград,Якоруда
С-87338-003,"Физкултурен салон към ОУ""Кирил и Методи""",Училищна спортна база,гр. Якоруда,Благоевград,Якоруда
С-87338-002,"Стадион ""Чавдар""",Стадион,гр. Якоруда,Благоевград,Якоруда
Т-06286-001,"Хижа ""Брезите""",Туристическа база,гр. Брезник,Перник,Брезник
С-06286-001,Спортен комплекс гр. Брезник,Спортен комплекс,гр. Брезник,Перник,Брезник
С-36079-009,База за конен спорт,Спортна база,с. Тодор Икономово,Шумен,Каолиново
С-36079-008,Футболно игрище,Игрище,с. Лятно,Шумен,Каолиново
С-05027-005,Футболно игрище,Спортна площадка,с. Хераково,София,Божурище
С-36079-007,Футболно игрище,Игрище,с. Загориче,Шумен,Каолиново
С-36079-006,Футболно игрище,Игрище,с. Наум,Шумен,Каолиново
С-05027-004,Физкултурен салон,Спортен салон,гр. Божурище,София,Божурище
С-36079-005,Футболно игрище,Игрище,с. Средковец,Шумен,Каолиново
С-05027-003,Зала за бойни спортове,Спортен салон,гр. Божурище,София,Божурище
С-05027-002,Младежки клуб,Фитнес зала,гр. Божурище,София,Божурище
С-05027-001,Игрище за плажен волейбол,Игрище,гр. Божурище,София,Божурище
С-36079-004,Футболно игрище и писта за лека атлетика,Стадион,с. Пристое,Шумен,Каолиново
С-36079-003,Стадион,Стадион,с. Тодор Икономово,Шумен,Каолиново
С-36079-002,спортен терен,Стадион,,Шумен,
С-36079-001,Футболно игрище,Игрище,гр. Каолиново,Шумен,Каолиново
С-05284-002,Тенис корт,Игрище,гр. Болярово,Ямбол,Болярово
С-05284-001,Стадион,Стадион,гр. Болярово,Ямбол,Болярово
С-05195-001,Спортен комплекс,Спортен комплекс,с. Бойница,Видин,Бойница
С-23947-003,Стадион с.Царева Ливада,Стадион,с. Царева ливада,Габрово,Дряново
С-52180-003,"Футболно игрище в с. Винарово, община Ново село, област Видин",Игрище,с. Ново село,Видин,Ново село
С-23947-001,"Спортен комплекс "" Локомотив Дряново""",Спортен комплекс,гр. Дряново,Габрово,Дряново
С-52180-006,"Спортен терен в с. Ясен, община Ново село, област Видин",Игрище,с. Ясен,Видин,Ново село
С-52180-002,"Спортна площадка към СОУ ""Св.Св.Кирил и Методий"", с. Ново село",Училищна спортна база,с. Ново село,Видин,Ново село
С-77308-004,"Физкултурен салон към СОУ""Христо Ботев"" - Цар Калоян",Спортна зала,гр. Цар Калоян,Разград,Цар Калоян
С-77308-002,"Сграда за физкултурни  нужди борцова зала с.Езерче, община Цар Калоян",Спортна зала,с. Езерче,Разград,Цар Калоян
С-77308-005,"Мултифункционално игрище с.Езерче,община Цар Калоян",Игрище,с. Езерче,Разград,Цар Калоян
С-77308-001,Борцова зала - гр.Цар Калоян,Спортен комплекс,гр. Цар Калоян,Разград,Цар Калоян
С-77308-003,Стадион със  съблекалня  гр.Цар Калоян,Спортна база,гр. Цар Калоян,Разград,Цар Калоян
С-52180-005,"Спортен терен, с. Неговановци, област Видин",Игрище,с. Неговановци,Видин,Ново село
С-52180-004,"Спортен терен в с.Флорентин, община Ново село, област Видин",Игрище,с. Ново село,Видин,Ново село
С-52180-001,"Спортен комплекс със стадион в с. Ново село, област Видин",Спортен комплекс,с. Ново село,Видин,Ново село
С-14492-005,физкултурен училищен салон,Училищна спортна база,гр. Кресна,Благоевград,Кресна
С-14492-003,Стадион,Стадион,с. Горна Брезница,Благоевград,Кресна
С-56407-002,Спортна зала,Спортна зала,гр. Пирдоп,София,Пирдоп
С-51651-002,Спортно игрище село Ружица,Игрище,с. Ружица,Шумен,Никола Козлево
С-56407-004,Училищна сграда с физкултурен салон,Училищна спортна база,гр. Пирдоп,София,Пирдоп
С-56407-003,"Начално училище ""Тодор Влайков"" с физкултурен салон и открита спортна площадка",Училищна спортна база,гр. Пирдоп,София,Пирдоп
С-00607-004,Спортен терен,Игрище,с. Бял извор,Кърджали,Ардино
С-00607-003,Общински спортен комплекс,Спортен комплекс,гр. Ардино,Кърджали,Ардино
С-56407-001,Спортен терен,Спортна база,гр. Пирдоп,София,Пирдоп
С-00607-002,Физкултурен салон,Училищна спортна база,гр. Ардино,Кърджали,Ардино
С-00607-001,Физкултурен салон,Училищна спортна база,гр. Ардино,Кърджали,Ардино
С-51651-001,Спортен комплекс село Вълнари,Спортен комплекс,с. Вълнари,Шумен,Никола Козлево
С-36498-013,Спортна площадка за младежки дейности и спорт ( Хандбал),Спортна площадка,гр. Баня,Пловдив,Карлово
С-68134-190,"65 ОУ ""Св.св.Кирил и Методий"" - спортна база",Училищна спортна база,гр. София,София (столица),Столична
С-38902-001,"СОУ ""Св. Климент Охридски""",Училищна спортна база,с. Костенец,София,Костенец
С-68134-045,"135 СОУ ""Ян Амос Коменски""",Училищна спортна база,гр. София,София (столица),Столична
С-63427-041,"Физкултурен салон към ОУ ""Тома Кърджиев""",Училищна спортна база,гр. Русе,Русе,Русе
С-63427-040,"Физкултурен салон към ОУ ""Отец Паисий""",Училищна спортна база,гр. Мартен,Русе,Русе
С-63427-039,"Физкултурен салон към ОУ ""Васил Априлов""",Училищна спортна база,гр. Русе,Русе,Русе
С-63427-019,"ОУ ""Христо Смирненски""",Училищна спортна база,гр. Русе,Русе,Русе
С-56277-001,Градски стадион - Пещера,Стадион,гр. Пещера,Пазарджик,Пещера
С-77195-016,"ГПЧЕ ""Ас. Златаров""",Училищна спортна база,гр. Хасково,Хасково,Хасково
С-68134-356,Спортна площадка - кв. Лагера,Спортна площадка,гр. София,София (столица),Столична
С-72624-003,"ПРИМЕР - ОУ ""Васил Левски"" в с. Божурово",Училищна спортна база,с. Божурово,Добрич,Добрич-селска
С-68134-090,"Спортна площадка зад парк-хотел ""Москва""",Спортна площадка,гр. София,София (столица),Столична
С-27632-008,Професионална гимназия град Етрополе,Училищна спортна база,гр. Етрополе,София,Етрополе
С-63427-038,"ОУ ""Отец Паисий""",Училищна спортна база,гр. Русе,Русе,Русе
С-63427-037,"СОУ ""Христо Ботев""",Училищна спортна база,гр. Русе,Русе,Русе
С-63427-036,"МГ ""Баба Тонка""",Училищна спортна база,гр. Русе,Русе,Русе
С-38978-003,Спортна площадка - с. Петърч,Спортна площадка,с. Петърч,София,Костинброд
С-38978-002,Спортен терен,Спортна площадка,с. Драговищица,София,Костинброд
С-51500-005,Спортно Игрище,Игрище,с. Гюльовца,Бургас,Несебър
С-51500-004,Спортно игрище,Стадион,с. Оризаре,Бургас,Несебър
С-51500-003,Спортно игрище,Стадион,с. Кошарица,Бургас,Несебър
С-63427-035,"Физкултурен салон към ОУ ""Любен Каравелов""",Училищна спортна база,гр. Русе,Русе,Русе
С-38978-001,"Спортен комплекс ""Белица""",Спортен комплекс,гр. Костинброд,София,Костинброд
С-68134-355,"123 СОУ ""Стефан Стамболов""",Училищна спортна база,гр. София,София (столица),Столична
С-77270-001,Крепост,Стадион,гр. Хисаря,Пловдив,Хисаря
С-68134-354,Спортна площадка - кв.Лагера,Спортна площадка,гр. София,София (столица),Столична
С-63427-034,"Физкултурен салон към ОУ ""Братя Миладинови""",Училищна спортна база,гр. Русе,Русе,Русе
С-63427-033,"Физкултурен салон към ОУ ""Олимпи Панов""",Училищна спортна база,гр. Русе,Русе,Русе
С-63427-032,"СОУ ""Възраждане""",Училищна спортна база,гр. Русе,Русе,Русе
С-63427-031,"Физкултурен салон към ОУ ""Ангел Кънчев""",Училищна спортна база,гр. Русе,Русе,Русе
С-63427-030,"Физкултурен салон към ОУ ""Никола Обретенов""",Училищна спортна база,гр. Русе,Русе,Русе
С-56784-041,Баскетболна площадка,Спортна площадка,гр. Пловдив,Пловдив,Пловдив
С-56784-039,"СК ""Отдих и култура"" - Тренировъчно игрище",Игрище,гр. Пловдив,Пловдив,Пловдив
С-63427-029,"Физкултурен салон към СОУПНЕ ""Фридрих, Шилер""",Училищна спортна база,гр. Русе,Русе,Русе
С-56784-038,"СК ""Отдих и култура"" - Тенис комплекс ""Локомотив""",Спортен комплекс,гр. Пловдив,Пловдив,Пловдив
С-63427-028,"Физкултурен салон към ОУ ""Алеко Константинов""",Училищна спортна база,гр. Русе,Русе,Русе
С-56784-037,"СК ""Отдих и култура"" - Гребен олимпийски канал",Гребен канал,гр. Пловдив,Пловдив,Пловдив
С-56784-036,"СК ""Отдих и култура"" - Футболно игрище №10",Спортна площадка,гр. Пловдив,Пловдив,Пловдив
С-56784-035,"СК ""Отдих и култура"" - Футболно игрище №9",Игрище,гр. Пловдив,Пловдив,Пловдив
С-56784-034,"СК ""Отдих и култура"" - Тренировъчна база за гребане",Спортна база,гр. Пловдив,Пловдив,Пловдив
С-56784-033,"СК ""Отдих и култура"" - Футболно игрище №5",Игрище,гр. Пловдив,Пловдив,Пловдив
С-56784-032,"СК ""Отдих и култура"" - Лекоатлетическа спортна зала",Спортна зала,гр. Пловдив,Пловдив,Пловдив
С-63427-027,"Физкултурен салон към СОУЕЕ ""Св. Константин Кирил Философ""",Училищна спортна база,гр. Русе,Русе,Русе
С-63427-026,"Физкултурен салон към СОУ ""Васил Левски""",Училищна спортна база,гр. Русе,Русе,Русе
С-63427-025,"Физкултурен салон към ОУ ""Ангел Кънчев""",Училищна спортна база,гр. Русе,Русе,Русе
С-63427-018,"НУ ""Васил Априлов""",Училищна спортна база,с. Хотанца,Русе,Русе
Т-61813-002,хижа Яворов - стара,Туристическа база,гр. Разлог,Благоевград,Разлог
Т-61813-003,хижа П.К.Яворов - нова,Туристическа база,гр. Разлог,Благоевград,Разлог
С-63427-024,"Физкултурен салон към АГ ""Гео Милев""",Училищна спортна база,гр. Русе,Русе,Русе
С-63255-005,"Физкултурен салон /СОУ ""Н. Й. Вапцоров"" с.Дреновец",Спортна зала,с. Дреновец,Видин,Ружинци
С-63255-004,Футболно игрище/стадион/,Стадион,с. Бело поле,Видин,Ружинци
С-63255-003,Футболно игрище/стадион/,Стадион,с. Гюргич,Видин,Ружинци
С-63255-002,Футболно игрище/стадион/,Стадион,с. Дреновец,Видин,Ружинци
С-66460-001,"Спортен комплекс ""Септември""",Стадион,гр. Симитли,Благоевград,Симитли
С-35167-026,"СОУ ""Екзарх Антим І""",Училищна спортна база,гр. Казанлък,Стара Загора,Казанлък
С-35167-025,"ОУ ""Васил Левски"" - Открита спортна площадка",Училищна спортна база,с. Бузовград,Стара Загора,Казанлък
С-35167-024,"ПМГ ""Никола Обрешков""",Училищна спортна база,гр. Казанлък,Стара Загора,Казанлък
С-35167-023,"ОУ ""Д-р Петър Берон""",Училищна спортна база,с. Шейново,Стара Загора,Казанлък
С-35167-022,"ОУ ""Паисий Хилендарски""",Училищна спортна база,гр. Казанлък,Стара Загора,Казанлък
С-35167-021,"ОУ ""Н. Вапцаров""",Училищна спортна база,гр. Казанлък,Стара Загора,Казанлък
С-35167-020,"ОУ"" Кулата""",Училищна спортна база,гр. Казанлък,Стара Загора,Казанлък
С-35167-019,"ОУ ""Кирил и Методий""",Училищна спортна база,с. Копринка,Стара Загора,Казанлък
С-35167-018,"ОУ ""Св. Паисий Хилендарски""",Училищна спортна база,с. Хаджидимитрово,Стара Загора,Казанлък
С-35167-017,"ОУ ""Св. Климент Охридкси""",Училищна спортна база,,Стара Загора,
С-35167-016,"ОУ ""Чудомир""",Училищна спортна база,гр. Казанлък,Стара Загора,Казанлък
С-35167-015,"ОУ ""Антон Страшимиров"" - открита спортна площадка",Училищна спортна база,гр. Казанлък,Стара Загора,Казанлък
С-35167-014,"ОУ ""Св. св. Кирил и Методий"", гр. Шипка",Училищна спортна база,гр. Шипка,Стара Загора,Казанлък
С-35167-013,"ОУ ""Св. св. Кирил и Методий"", с. Ръжена",Училищна спортна база,с. Ръжена,Стара Загора,Казанлък
С-35167-012,"ОУ ""Д-р Петър Берон""",Училищна спортна база,,Стара Загора,
С-35167-011,"ХГ ""СВ. СВ. Кирил и Методий"" и ОУ ""Мати Болгария""",Училищна спортна база,гр. Казанлък,Стара Загора,Казанлък
С-35167-010,"ОУ ""Св. Климент Охридски""",Училищна спортна база,гр. Крън,Стара Загора,Казанлък
С-35167-009,"ОУ ""Св. св. Кирил и Методий""",Училищна спортна база,с. Кънчево,Стара Загора,Казанлък
С-35167-007,"ОУ ""Христо Ботев""",Училищна спортна база,с. Енина,Стара Загора,Казанлък
С-35167-008,"ОУ ""Георги Кирков""",Училищна спортна база,гр. Казанлък,Стара Загора,Казанлък
С-35167-006,Терен за хвърляния с хале,Спортна площадка,гр. Казанлък,Стара Загора,Казанлък
С-35167-005,Стадион,Стадион,гр. Казанлък,Стара Загора,Казанлък
С-35167-003,Тенис кортове и баскетболно игрище,Спортна площадка,гр. Казанлък,Стара Загора,Казанлък
С-81236-003,Спортен терен /Стадион/,Стадион,с. Комунига,Кърджали,Черноочене
С-81236-001,"Физкултурен салон - СОУ ""Хр.Смирненски""",Зала за обща физическа подготовка,с. Пряпорец,Кърджали,Черноочене
С-65440-012,ФУТБОЛНО ИГРИЩЕ С. КОЧАН,Игрище,с. Кочан,Благоевград,Сатовча
С-65440-011,ФУТБОЛНО ИГРИЩЕ С. ВАКЛИНОВО,Игрище,с. Ваклиново,Благоевград,Сатовча
С-65440-010,ФУТБОЛНО ИГРИЩЕ С. ЖИЖЕВО,Игрище,с. Жижево,Благоевград,Сатовча
С-21052-013,"Физкултурен салон ОУ ""В.Левски"" с.Ябълково",Училищна спортна база,с. Ябълково,Хасково,Димитровград
Т-65869-003,"хижа ""Пробойница""",Туристическа база,с. Губислав,София,Своге
С-02508-006,Футболно игрище в село Гурково,Игрище,с. Гурково,Добрич,Балчик
С-02508-005,Футболно игрище с. Змеево,Игрище,с. Змеево,Добрич,Балчик
С-02508-004,Футболно игрище с. Дропла,Игрище,с. Дропла,Добрич,Балчик
С-24565-009,Цонево,Спортен комплекс,с. Цонево,Варна,Дългопол
С-24565-005,Фортуна,Игрище,с. Рояк,Варна,Дългопол
С-02508-003,Футболно игрище в село Църква,Игрище,с. Църква,Добрич,Балчик
С-02508-002,Футболно игрище в с. Сенокос,Игрище,с. Сенокос,Добрич,Балчик
С-49494-011,Училище с. Юлиево,Училищна спортна база,с. Юлиево,Стара Загора,Мъглиж
С-21052-012,"Физкултурен салон ОУ ""Д.Н.Матевски"" гр.Меричлери",Училищна спортна база,гр. Меричлери,Хасково,Димитровград
С-21052-011,"Физкултурен салон към СОУ ""Л.Каравелов""",Училищна спортна база,гр. Димитровград,Хасково,Димитровград
С-21052-015,"Физкултурен салон към ОУ ""Хр.Ботев"" с.Крепост",Училищна спортна база,с. Крепост,Хасково,Димитровград
С-21052-010,"Физкултурен салон ПМГ ""Иван Вазов""",Училищна спортна база,гр. Димитровград,Хасково,Димитровград
С-21052-003,Борцова зала,Спортна зала,гр. Димитровград,Хасково,Димитровград
С-61813-013,Игрище - с. Горно Драглище,Игрище,с. Горно Драглище,Благоевград,Разлог
С-24565-002,"""Камчия""",Спортна площадка,гр. Дългопол,Варна,Дългопол
С-38902-004,"ОУ ""Христо Смирненски""",Училищна спортна база,гр. Момин проход,София,Костенец
С-63255-001,Футболно игрище/стадион/,Стадион,с. Ружинци,Видин,Ружинци
С-38902-002,ОУ Св.Св.Кирил и Методий,Училищна спортна база,с. Костенец,София,Костенец
С-49494-010,"НУ ""Св. Паисий Хилендарски""",Училищна спортна база,с. Зимница,Стара Загора,Мъглиж
С-49494-009,"ОУ ""Христо Ботев"" с. Ягода",Училищна спортна база,с. Ягода,Стара Загора,Мъглиж
С-21912-002,футболно игрище,Игрище,с. Горен чифлик,Варна,Долни чифлик
С-06224-006,Футболно игрище с.Балей,Игрище,с. Балей,Видин,Брегово
С-06224-007,Футболно игрище с.Делейна,Игрище,с. Делейна,Видин,Брегово
С-21912-001,"Спортен комплекс""Тича""",Стадион,гр. Долни чифлик,Варна,Долни чифлик
С-06224-005,Стадион-игрище с.Връв,Стадион,с. Връв,Видин,Брегово
С-06224-004,Спортен комплекс Гъмзово,Спортен комплекс,с. Гъмзово,Видин,Брегово
С-06224-003,Футболно игрище Ракитница,Игрище,с. Ракитница,Видин,Брегово
С-49494-008,"ОУ "" Св. Св. Кирил и Методий с. Ветрен",Училищна спортна база,с. Ветрен,Стара Загора,Мъглиж
С-24565-007,"""Аркос""",Игрище,с. Партизани,Варна,Дългопол
С-21052-009,"Физкултурен салон ЕГ ""Д-р Иван Богоров""",Училищна спортна база,гр. Димитровград,Хасково,Димитровград
Т-61813-001,"Туристическа спалня ""Перун""",Туристическа база,гр. Разлог,Благоевград,Разлог
С-24565-001,"""Камчия""",Стадион,,Варна,
С-63427-006,Физкултурен салон,Спортен салон,с. Тетово,Русе,Русе
С-24565-008,"""Кале""",Игрище,с. Лопушна,Варна,Дългопол
С-24565-004,"""Боаз""",Игрище,с. Красимир,Варна,Дългопол
С-24565-006,"""Балкан""",Игрище,с. Поляците,Варна,Дългопол
С-21052-008,"Физкултурен салон ОУ ""Ал.Константинов""",Училищна спортна база,гр. Димитровград,Хасково,Димитровград
С-21052-018,"Физкултурен салон към СОУ ""В.Левски""",Училищна спортна база,гр. Димитровград,Хасково,Димитровград
С-40422-006,Градски стадион,Спортен комплекс,гр. Кубрат,Разград,Кубрат
С-63427-009,Спортен терен и парк,Спортна площадка,с. Семерджиево,Русе,Русе
С-24565-003,"""Христо Патрев""",Игрище,с. Аспарухово,Варна,Дългопол
С-65440-008,ФУТБОЛНО ИГРИЩЕ С. ТУХОВИЩА,Игрище,с. Туховища,Благоевград,Сатовча
С-65440-007,ФУТБОЛНО ИГРИЩЕ С. ВЪЛКОСЕЛ,Игрище,с. Вълкосел,Благоевград,Сатовча
С-65440-006,ФУТБОЛНО ИГРИЩЕ С. ГОДЕШЕВО,Игрище,с. Годешево,Благоевград,Сатовча
С-65440-005,ФУТБОЛНО ИГРИЩЕ С. КРИБУЛ,Игрище,с. Крибул,Благоевград,Сатовча
С-65440-002,ФУТБОЛНО ИГРИЩЕ С. ПЛЕТЕНА,Игрище,с. Плетена,Благоевград,Сатовча
С-65440-001,ФУТБОЛНО ИГРИЩЕ С. САТОВЧА,Игрище,с. Сатовча,Благоевград,Сатовча
С-65440-004,ФУТБОЛНО ИГРИЩЕ С. ОСИНА,Игрище,с. Осина,Благоевград,Сатовча
С-65440-003,ФИЗКУЛТУРЕН САЛОН И ОТКРИТА СПОРТНА ПЛОЩАДКА С. САТОВЧА,Зала за обща физическа подготовка,с. Сатовча,Благоевград,Сатовча
С-65440-009,ФУТБОЛНО ИГРИЩЕ С. СЛАЩЕН,Игрище,с. Слащен,Благоевград,Сатовча
С-40422-010,"Физкултурен салон ОУ ""Н.Й.Вапцаров "" с.Бисерци",Спортен салон,с. Бисерци,Разград,Кубрат
С-40422-009,Спортен салон за борба с.Бисерци,Спортен салон,с. Бисерци,Разград,Кубрат
С-40422-001,Спортна площадка,Спортна площадка,гр. Кубрат,Разград,Кубрат
С-40422-007,Спортен комплекс,Спортен комплекс,с. Севар,Разград,Кубрат
С-40422-008,"Физкултурен салон - ОУ "" Н.Й.Вапцаров""",Спортен салон,с. Севар,Разград,Кубрат
С-21052-014,"Физкултурен салон към ОУ ""Хр.Смирненски"" с.Радиево",Училищна спортна база,с. Радиево,Хасково,Димитровград
С-61813-012,Игрище - с.Бачево,Игрище,с. Бачево,Благоевград,Разлог
С-40422-005,"Физкултурен салон ОУ""Св.Климент Охридски""",Спортен салон,с. Юпер,Разград,Кубрат
С-40422-004,Физкултурен салон,Спортен салон,гр. Кубрат,Разград,Кубрат
С-61813-010,Басейн - с.Баня,Басейн,с. Баня,Благоевград,Разлог
С-02508-001,Футболно игрище,Игрище,с. Соколово,Добрич,Балчик
С-61813-009,"Ски писта ""Кулиното""-гр.Разлог",Писта,гр. Разлог,Благоевград,Разлог
С-68134-353,"87 СОУ ""Васил Левски"" с.Желява,спортна база",Училищна спортна база,гр. София,София (столица),Столична
С-06224-002,СОУ-Брегово,Училищна спортна база,гр. Брегово,Видин,Брегово
С-68134-352,"161 ОУ ""Св.св.Кирил и Методий"" Долни Богров",Училищна спортна база,гр. София,София (столица),Столична
С-06224-001,"Стадион ""Тимок""",Стадион,гр. Брегово,Видин,Брегово
С-68134-351,"162 ОУ ""Отец Паисий"" Ботунец- спортна база",Училищна спортна база,,София град,
С-10971-003,Закрита лекоатлетическа писта,Спортен комплекс,гр. Видин,Видин,Видин
С-21052-007,"Физкултурен салон ОУ ""Кирил и Методий""",Училищна спортна база,гр. Димитровград,Хасково,Димитровград
С-61813-007,"Физкултурен салон- ОУ ""Никола Парапунов""",Училищна спортна база,гр. Разлог,Благоевград,Разлог
С-10971-002,"Колодрум - к-с ""Химик""",Колодрум,гр. Видин,Видин,Видин
С-49494-003,"ОУ ""Хр. Смирненски"" с. Тулово",Училищна спортна база,с. Тулово,Стара Загора,Мъглиж
С-49494-007,"ОУ ""Хр. Ботев"" гр. Мъглиж",Училищна спортна база,гр. Мъглиж,Стара Загора,Мъглиж
С-61813-002,Игрище - с. Елешница,Игрище,с. Елешница,Благоевград,Разлог
С-61813-001,Игрище - с. Годлево,Игрище,с. Годлево,Благоевград,Разлог
С-61813-006,Игрище в с.Баня,Игрище,с. Баня,Благоевград,Разлог
С-49494-004,Стадион,Стадион,гр. Мъглиж,Стара Загора,Мъглиж
С-63427-023,"ОУ ""Георги Сава Раковски""",Училищна спортна база,с. Ново село,Русе,Русе
С-63427-020,"СОУ ""Йордан Йовков""",Училищна спортна база,гр. Русе,Русе,Русе
С-63427-015,"Помощно училище ""Д-р Петър Берон""",Училищна спортна база,гр. Русе,Русе,Русе
С-63427-021,"ОУ ""СВ.СВ.Кирил и Методий""",Училищна спортна база,с. Николово,Русе,Русе
С-63427-017,"ОУ ""СВ.СВ.Кирил и Методий""",Училищна спортна база,с. Семерджиево,Русе,Русе
С-63427-016,"ОУ ""Отец Паисий""",Училищна спортна база,с. Тетово,Русе,Русе
С-63427-022,"ОУ ""Иван Вазов""",Училищна спортна база,гр. Русе,Русе,Русе
С-63427-003,Тенис кортове,Игрище,гр. Русе,Русе,Русе
С-68134-350,"115 СОУ  ""Кирил и Методий""",Училищна спортна база,гр. София,София (столица),Столична
С-68134-349,"116 ОУ ""Паисий Хилендарски"" с.Яна, - спортна база",Училищна спортна база,гр. София,София (столица),Столична
С-14711-002,Стадион,Стадион,гр. Генерал Тошево,Добрич,Генерал Тошево
С-14711-010,Стадион,Стадион,с. Пчеларово,Добрич,Генерал Тошево
С-14711-009,Стадион,Стадион,с. Преселенци,Добрич,Генерал Тошево
С-14711-008,Стадион,Стадион,с. Малина,Добрич,Генерал Тошево
С-14711-007,Стадион,Стадион,с. Присад,Добрич,Генерал Тошево
С-14711-006,Стадион,Стадион,с. Люляково,Добрич,Генерал Тошево
С-14711-005,Стадион,Стадион,гр. Генерал Тошево,Добрич,Генерал Тошево
С-14711-004,Конна база,Спортна база,гр. Генерал Тошево,Добрич,Генерал Тошево
С-14711-003,Басейн,Басейн,гр. Генерал Тошево,Добрич,Генерал Тошево
С-61813-005,Спортна площадка,Спортна площадка,гр. Разлог,Благоевград,Разлог
С-68134-345,"85 СОУ ""Отец Паисий""",Училищна спортна база,гр. София,София (столица),Столична
С-57491-018,"ОУ ""Хр.Ботев"" с.Бата",Училищна спортна база,с. Бата,Бургас,Поморие
С-57491-017,"ОУ""Христо Ботев"" Поморие",Училищна спортна база,гр. Поморие,Бургас,Поморие
С-57491-016,Стадион ПФК Поморие и Община Поморие,Стадион,гр. Поморие,Бургас,Поморие
С-57491-015,Стадион,Стадион,гр. Поморие,Бургас,Поморие
С-57491-014,"Спортна площадка ""Руски паметник""",Спортна площадка,гр. Поморие,Бургас,Поморие
С-57491-013,"СОУ""Иван Вазов"" - Поморие",Училищна спортна база,гр. Поморие,Бургас,Поморие
С-49494-005,"ОУ ""Св. Св. Кирил и Методий"" с. Дъбово",Училищна спортна база,с. Дъбово,Стара Загора,Мъглиж
С-68134-344,Площадка за баскетбол,Спортна площадка,гр. София,София (столица),Столична
С-65869-014,"Спортна площадка към ОУ ""Елин Пелин""",Училищна спортна база,с. Владо Тричков,София,Своге
С-65869-002,"ОУ ""Д-р Петър Берон""",Училищна спортна база,с. Реброво,София,Своге
С-65869-001,"ОУ ""Христо Ботев""",Училищна спортна база,,София,
С-65869-008,"ОУ ""Св.Иван Рилски""",Училищна спортна база,с. Искрец,София,Своге
С-65869-009,"Спортна зала към СОУ ""Иван Вазов""",Училищна спортна база,гр. Своге,София,Своге
С-65869-005,"ОУ ""Васил Левски""",Училищна спортна база,с. Церово,София,Своге
С-65869-006,"Физкултурен салон в ОУ ""Св.Св.Кирил и Методий""",Училищна спортна база,,София,
С-65231-034,"ОУ ""Христо Смирненски""-с.Радуил",Училищна спортна база,с. Радуил,София,Самоков
С-65231-008,Игрище в с. Бели Искър,Игрище,с. Бели Искър,София,Самоков
С-65231-033,"ОУ ""Васил Левски"" - с.Ярлово",Училищна спортна база,с. Ярлово,София,Самоков
С-68134-342,"Спортна площадка  между  бл.16, бл.17 и 29 в район Кремиковци",Спортна площадка,гр. София,София (столица),Столична
С-65231-032,"ОУ ""Димчо Дебелянов""- с.Говедарци",Училищна спортна база,с. Говедарци,София,Самоков
С-65231-031,"ОУ ""Христо Ботев""- с.Бели Искър",Училищна спортна база,с. Бели Искър,София,Самоков
С-65231-030,"ОПУ ""НЕОФИТ РИЛСКИ"" -гр.Самоков",Училищна спортна база,гр. Самоков,София,Самоков
С-65231-029,"ПГ ""Константин Фотинов""-гр.Самоков",Училищна спортна база,гр. Самоков,София,Самоков
С-65231-028,"НУ ""Станислав Доспивски""-гр.Самоков",Училищна спортна база,гр. Самоков,София,Самоков
С-65231-027,"ОУ"" Св.Св. Кирил и Методий"" -гр.Самоков",Училищна спортна база,гр. Самоков,София,Самоков
С-68134-341,"156 ОУ ""Васил Левски"" -Кремиковци",Училищна спортна база,гр. София,София (столица),Столична
С-65231-026,"ОУ ""Христо Максимов""-гр.Самоков",Училищна спортна база,гр. Самоков,София,Самоков
С-65231-025,"ОУ ""Авксентий Велешки"" - гр.Самоков",Училищна спортна база,гр. Самоков,София,Самоков
С-21052-006,"Физкултурен салон ОУ ""П.Славейков""",Училищна спортна база,гр. Димитровград,Хасково,Димитровград
С-68134-339,Многофункционалана спортна зала  в кв. Челопечене,Спортна зала,гр. София,София (столица),Столична
С-65231-018,ЧАСТ ОТ СКИ-ПИСТА-БОРОВЕЦ,Писта,,София,
С-65231-023,ЧАСТ ОТ СКИ-ПИСТА -БОРОВЕЦ,Писта,,София,
С-65231-012,ЧАСТ ОТ СКИ-ПИСТА -БОРОВЕЦ,Писта,,София,
С-65231-017,ЧАСТ ОТ СКИ-ПИСТА -БОРОВЕЦ,Писта,,София,
С-65231-021,ЧАСТ ОТ СКИ-ПИСТА -БОРОВЕЦ,Писта,,София,
С-65231-020,ЧАСТ ОТ СКИ-ПИСТА - БОРОВЕЦ,Писта,,София,
С-65231-022,ЧАСТ ОТ СКИ-ПИСТА,Писта,,София,
С-65231-013,ЧАСТ ОТ СКИ ПИСТА-БОРОВЕЦ,Писта,,София,
С-65231-015,ЧАСТ ОТ СКИ ПИСТА-БОРОВЕЦ,Писта,,София,
С-65231-019,ЧАСТ ОТ СКИ ПИСТА -БОРОВЕЦ,Писта,,София,
С-65231-016,ЧАСТ ОТ СКИ ПИСТА -БОРОВЕЦ,Писта,,София,
С-65231-014,ЧАСТ ОТ СКИ ПИСТА,Писта,,София,
С-65231-024,ЧАСТ ОТ СКИ ПИСТА-БОРОВЕЦ,Писта,,София,
Т-73403-001,"Почивна база ""Късовци""",Туристическа база,,Габрово,
Т-63427-002,"Хижа ""Липник""",Туристическа база,,Русе,
Т-63427-001,"Профилакториум ""Липник""",Туристическа база,гр. Русе,Русе,Русе
С-65231-011,Спортен терен в с. Райово,Игрище,с. Райово,София,Самоков
С-65231-010,Спортен терен в с.Белчин,Игрище,с. Белчин,София,Самоков
С-65231-009,Стадион в с. Бели Искър,Стадион,с. Бели Искър,София,Самоков
С-65231-005,"СКИ ШАНЦА ""Димитър Харизанов""",Писта,гр. Самоков,София,Самоков
С-65231-004,"МОТОПИСТА ""РИДО""",Писта,гр. Самоков,София,Самоков
С-14711-019,"ОУ ""Христо Ботев""",Училищна спортна база,с. Кардам,Добрич,Генерал Тошево
С-14711-018,"ОУ ""Йордан Йовков""",Училищна спортна база,с. Спасово,Добрич,Генерал Тошево
С-14711-017,"ОУ ""Васил Левски""",Училищна спортна база,с. Преселенци,Добрич,Генерал Тошево
С-14711-016,"ОУ ""Йордан Йовков""",Училищна спортна база,с. Красен,Добрич,Генерал Тошево
С-14711-015,"ОУ ""Христо Смирненски""",Училищна спортна база,гр. Генерал Тошево,Добрич,Генерал Тошево
С-14711-014,"СОУ ""Н. Вапцаров""",Училищна спортна база,,Добрич,
С-14711-013,Стадион,Стадион,с. Кардам,Добрич,Генерал Тошево
С-14711-012,Стадион,Стадион,с. Житен,Добрич,Генерал Тошево
С-14711-011,Стадион,Стадион,с. Василево,Добрич,Генерал Тошево
С-65231-002,"""ЗАКРИТ СПОРТЕН КОМПЛЕКС""",Комплекс от спортни сгради,гр. Самоков,София,Самоков
С-72165-009,"Физкултурен салон-ОУ""Н.Вапцаров"" с. Бяла паланка",Училищна спортна база,с. Бяла паланка,Сливен,Твърдица
С-72165-008,"Физкултурен салон- СОУ""Н.Рилски"" гр. Твърдица",Училищна спортна база,гр. Твърдица,Сливен,Твърдица
С-72165-010,"Физкултурен салон СОУ""Г.Каравелов""гр.Шивачево",Училищна спортна база,гр. Шивачево,Сливен,Твърдица
С-72165-011,Физкултуран салон -бивша професионална гимназия гр.Твърдица,Училищна спортна база,гр. Твърдица,Сливен,Твърдица
С-72165-004,Стадион гр.Шивачево,Стадион,гр. Шивачево,Сливен,Твърдица
С-72165-007,Стадион /стар/ гр. Твърдица,Стадион,гр. Твърдица,Сливен,Твърдица
С-72165-006,Стадион /нов/ гр. Твърдица,Стадион,гр. Твърдица,Сливен,Твърдица
С-72165-017,"Спортна площадка- НУ""Хр.Ботев""с. Оризари",Училищна спортна база,с. Оризари,Сливен,Твърдица
С-72165-016,"Спортна площадка- НУ""Хр.Ботев""гр.Твърдица-кв.Козарево",Училищна спортна база,,Сливен,
С-72165-005,Спортна площадка гр. Шивачево,Спортна площадка,гр. Шивачево,Сливен,Твърдица
С-72165-018,"Спортна площадка - ОУ""Н.Прокопиев"" с. Сборище",Училищна спортна база,с. Сборище,Сливен,Твърдица
С-72165-015,Спортна площадка - бившe начално училище в гр. Твърдица,Училищна спортна база,гр. Твърдица,Сливен,Твърдица
С-72165-014,"Спортна площадка - бивша професионална гимназия. Ползва се от СОУ""Н.Рилски""",Училищна спортна база,гр. Твърдица,Сливен,Твърдица
С-72165-001,Спортен терен/игрище/ с. Жълт бряг,Игрище,с. Жълт бряг,Сливен,Твърдица
С-72165-002,Спортен комплекс с. Бяла паланка,Спортен комплекс,с. Бяла паланка,Сливен,Твърдица
С-57354-017,Спортно игрище,Стадион,гр. Полски Тръмбеш,Велико Търново,Полски Тръмбеш
С-35242-004,"ОУ ""Черноризец Храбър""",Спортна площадка,с. Кайнарджа,Силистра,Кайнарджа
С-35242-002,"ОУ ""Цанко Церковски""",Спортна площадка,с. Средище,Силистра,Кайнарджа
С-57491-012,"ОУ ""Хр.Ботев"" гр.Ахелой",Училищна спортна база,гр. Ахелой,Бургас,Поморие
С-57491-011,"Физкултурен салон НУ "" К.Величков""с.Габерово",Училищна спортна база,с. Габерово,Бургас,Поморие
С-57491-009,"Спортна площадка детска градина ""Мир"" с. Дъбник",Спортна площадка,с. Дъбник,Бургас,Поморие
С-57491-010,с.Габерово,Спортна площадка,с. Габерово,Бургас,Поморие
С-57491-008,Стадион с.Белодол,Стадион,с. Белодол,Бургас,Поморие
С-57491-007,Стадион,Стадион,с. Горица,Бургас,Поморие
С-57491-006,"ОУ""Христо Ботев"" с.Горица",Спортна площадка,с. Горица,Бургас,Поморие
С-69969-002,Стадион Струмяни,Стадион,с. Струмяни,Благоевград,Струмяни
С-69969-001,Спортна база Микрево,Стадион,с. Микрево,Благоевград,Струмяни
С-57354-021,"СОУ""Цанко Церковски""",Училищна спортна база,гр. Полски Тръмбеш,Велико Търново,Полски Тръмбеш
С-57354-023,"ОУ""Св.св.Кирил и Методий""",Училищна спортна база,с. Раданово,Велико Търново,Полски Тръмбеш
С-40422-003,Физкултурет салон,Училищна спортна база,с. Беловец,Разград,Кубрат
С-57354-027,Училищна спортна база,Училищна спортна база,с. Масларево,Велико Търново,Полски Тръмбеш
С-57354-026,"НУ ""Христо Ботев"" с.Орловец",Училищна спортна база,с. Орловец,Велико Търново,Полски Тръмбеш
С-57354-025,"НУ ""Христо Ботев"" с.Куцина",Училищна спортна база,с. Куцина,Велико Търново,Полски Тръмбеш
С-40422-002,физкултурен салон,Училищна спортна база,гр. Кубрат,Разград,Кубрат
С-57354-024,"ОУ ""Васил Левски"" с.Петко Каравелово",Училищна спортна база,с. Петко Каравелово,Велико Търново,Полски Тръмбеш
С-57491-005,Спортен терен с.Гълъбец,Спортна база,с. Гълъбец,Бургас,Поморие
С-57491-004,"Спортна площадка ОУ ""Георги Сава Раковски"" Гълъбец",Училищна спортна база,с. Гълъбец,Бургас,Поморие
С-57491-003,Стадион и спортно възстановителе център,Стадион,гр. Каблешково,Бургас,Поморие
С-57491-002,"ОУ ""Отец Паисий""",Спортен салон,с. Страцин,Бургас,Поморие
С-57354-022,"ОУ""Св.св.Кирил и Методий""",Училищна спортна база,с. Страхилово,Велико Търново,Полски Тръмбеш
С-57354-020,Плувен комплекс,Плувен комплекс,гр. Полски Тръмбеш,Велико Търново,Полски Тръмбеш
С-57354-019,Спортна зала,Спортна зала,гр. Полски Тръмбеш,Велико Търново,Полски Тръмбеш
С-57354-018,Стадион,Стадион,гр. Полски Тръмбеш,Велико Търново,Полски Тръмбеш
С-57354-016,Спортно игрище,Спортен комплекс,гр. Полски Тръмбеш,Велико Търново,Полски Тръмбеш
С-57354-015,Спортно игрище,Спортен комплекс,гр. Полски Тръмбеш,Велико Търново,Полски Тръмбеш
С-66264-028,"НУ ""Св.Св. Кирил и Методий"" с.Злокучене",Училищна спортна база,с. Злокучене,Пазарджик,Септември
С-66264-027,"ОУ ""Георги Бенковски"" с.Виноградец",Училищна спортна база,с. Виноградец,Пазарджик,Септември
С-57354-014,Спортно игрище,Стадион,с. Вързулица,Велико Търново,Полски Тръмбеш
С-66264-025,"ОУ ""Св.Св. К. и Методий"" с.Ковачево",Училищна спортна база,с. Ковачево,Пазарджик,Септември
С-57354-013,Спортен стадион,Стадион,с. Иванча,Велико Търново,Полски Тръмбеш
С-66264-026,"ОУ ""Хр.Ботев"" с.Карабунар",Училищна спортна база,с. Карабунар,Пазарджик,Септември
С-57354-012,Стадион,Стадион,с. Климентово,Велико Търново,Полски Тръмбеш
С-65365-001,Стадион гр.Сапарева баня,Стадион,гр. Сапарева баня,Кюстендил,Сапарева баня
С-57354-011,Стадион,Стадион,с. Каранци,Велико Търново,Полски Тръмбеш
С-57354-010,Спортно игрище,Стадион,с. Каранци,Велико Търново,Полски Тръмбеш
С-57354-009,Спортен стадион,Стадион,с. Масларево,Велико Търново,Полски Тръмбеш
С-66264-024,"ОУ ""Хр.Смирненски"" с.Лозен",Училищна спортна база,с. Лозен,Пазарджик,Септември
С-66264-023,"ОУ ""Хр.Смирненски"" с.Ветрен дол",Училищна спортна база,с. Ветрен дол,Пазарджик,Септември
С-57354-008,Спортен терен,Спортен комплекс,с. Обединение,Велико Търново,Полски Тръмбеш
С-57354-007,Открит плувен басейн,Плувен комплекс,с. Обединение,Велико Търново,Полски Тръмбеш
С-66264-022,"ОУ ""Никола Вапцаров"" с. Варвара",Училищна спортна база,с. Варвара,Пазарджик,Септември
С-66264-021,"ОУ ""Св.Св. К.и Методий"" с.Симеоновец",Училищна спортна база,с. Симеоновец,Пазарджик,Септември
С-66264-020,"ОУ ""Хр.Ботев"" с.Семчиново",Училищна спортна база,с. Семчиново,Пазарджик,Септември
С-57354-006,Физкултурен комплекс,Спортен комплекс,с. Павел,Велико Търново,Полски Тръмбеш
С-57354-005,Стадион,Стадион,с. Полски Сеновец,Велико Търново,Полски Тръмбеш
С-66264-019,"ОУ ""Св.Св. Кирил и Методий"" гр.Ветрен",Училищна спортна база,гр. Ветрен,Пазарджик,Септември
С-66264-018,"СОУ ""Христо Смирненски"" гр.Септември",Училищна спортна база,гр. Септември,Пазарджик,Септември
С-66264-017,"СОУ ""Христо Ботев"" гр.Септември",Училищна спортна база,гр. Септември,Пазарджик,Септември
С-57354-004,Стадион,Стадион,с. Орловец,Велико Търново,Полски Тръмбеш
С-66264-016,ПГ по транспорт с.Виноградец,Училищна спортна база,с. Виноградец,Пазарджик,Септември
С-66264-015,ПГ по МЗС гр.Септември,Училищна спортна база,гр. Септември,Пазарджик,Септември
С-66264-014,Спортно игрище,Игрище,с. Симеоновец,Пазарджик,Септември
С-66264-013,Спортен терен,Игрище,с. Ветрен дол,Пазарджик,Септември
С-66264-012,Спортен терен,Стадион,с. Ковачево,Пазарджик,Септември
С-66264-011,Футболно игрище,Игрище,с. Семчиново,Пазарджик,Септември
С-66264-010,"Стадион ""Тракия"" в с.Лозен",Стадион,с. Лозен,Пазарджик,Септември
С-66264-009,Футболно игрище,Игрище,с. Злокучене,Пазарджик,Септември
С-57354-003,Стадион,Стадион,с. Страхилово,Велико Търново,Полски Тръмбеш
С-57354-002,Стадион и спортна зала,Стадион,с. Петко Каравелово,Велико Търново,Полски Тръмбеш
С-57354-001,Стадион,Стадион,с. Раданово,Велико Търново,Полски Тръмбеш
С-66264-008,Футболно игрище,Игрище,с. Бошуля,Пазарджик,Септември
С-66264-007,Футболно игрище,Игрище,с. Виноградец,Пазарджик,Септември
С-66264-006,Футболно игрище,Игрище,гр. Ветрен,Пазарджик,Септември
С-66264-004,"""Балкан"" с.Варвара",Спортен комплекс,с. Варвара,Пазарджик,Септември
С-66264-005,Спортен терен,Игрище,с. Карабунар,Пазарджик,Септември
С-66264-003,"Помощно игрище ""Локомотив""",Игрище,гр. Септември,Пазарджик,Септември
С-66264-002,"""Локомотив""",Спортен комплекс,гр. Септември,Пазарджик,Септември
С-37798-007,Стадион- с.Бутан,Стадион,гр. Козлодуй,Враца,Козлодуй
С-37798-006,Стадион в с.Гложене,Стадион,гр. Козлодуй,Враца,Козлодуй
С-48619-005,Спортен терен,Спортна площадка,с. Кости,Бургас,Царево
С-48619-004,Спортна площадка,Спортна площадка,с. Синеморец,Бургас,Царево
С-48619-003,Спортна площадка,Спортна площадка,с. Бродилово,Бургас,Царево
С-48619-002,Спортна площадка,Спортна площадка,гр. Царево,Бургас,Царево
С-48619-001,Общински стадион Царево,Стадион,гр. Царево,Бургас,Царево
С-53576-009,Физкултурен салон,Училищна спортна база,,Стара Загора,
С-53576-006,Спортно игрище,Спортен комплекс,с. Опан,Стара Загора,Опан
С-53576-008,Спортно игрище,Стадион,с. Тракия,Стара Загора,Опан
С-53576-007,Спортно игрище,Спортен комплекс,с. Средец,Стара Загора,Опан
С-53576-005,Спортен комплекс,Спортен комплекс,с. Кравино,Стара Загора,Опан
С-53576-002,Спортно игрище,Стадион,с. Бяло поле,Стара Загора,Опан
С-53576-004,Спортно игрище,Игрище,с. Княжевско,Стара Загора,Опан
С-53576-003,Спортно игрище,Стадион,с. Васил Левски,Стара Загора,Опан
С-53576-001,Спортен терен,Стадион,с. Бял извор,Стара Загора,Опан
С-37798-005,Стадион  в с. Хърлец,Стадион,гр. Козлодуй,Враца,Козлодуй
С-37798-004,Стадион в с. Крива Бара,Стадион,гр. Козлодуй,Враца,Козлодуй
С-44166-009,Училищна спортна площадка,Училищна спортна база,с. Сейдол,Разград,Лозница
С-44166-005,Училищна спортна база - Физкултурен салон,Училищна спортна база,с. Бели Лом,Разград,Лозница
С-44166-008,Спортна зала,Спортна зала,гр. Лозница,Разград,Лозница
С-70528-002,Градски стадион,Стадион,гр. Съединение,Пловдив,Съединение
С-70528-003,Стадион,Стадион,с. Царимир,Пловдив,Съединение
С-70528-001,Стадион,Стадион,с. Голям чардак,Пловдив,Съединение
Т-80011-001,Сакарджа,Туристическа база,с. Чавдар,София,Чавдар
С-66425-001,Закрит плувен басейн,Басейн,гр. Силистра,Силистра,Силистра
С-37798-002,"Стадион ""Христо Ботев""",Стадион,гр. Козлодуй,Враца,Козлодуй
С-23025-002,Стадион,Стадион,с. Змеица,Смолян,Доспат
С-23025-001,Стадион,Стадион,гр. Доспат,Смолян,Доспат
С-44166-007,Физкултурен салон,Училищна спортна база,гр. Лозница,Разград,Лозница
С-44166-006,Училищна спортна площадка,Училищна спортна база,с. Веселина,Разград,Лозница
С-44166-004,Училищна спортна база - физкултурен салон,Училищна спортна база,гр. Лозница,Разград,Лозница
С-38558-001,Стадион,Спортен комплекс,гр. Копривщица,София,Копривщица
С-15309-006,Спортна площадка за баскетбол,Спортна площадка,гр. Годеч,София,Годеч
С-15309-007,Спортна площадка за волейбол,Спортна площадка,гр. Годеч,София,Годеч
С-44166-001,Спортна база,Спортна база,гр. Лозница,Разград,Лозница
С-44166-002,Училищна спортна площадка,Спортна площадка,с. Трапище,Разград,Лозница
С-49494-001,Стадион,Игрище,с. Ягода,Стара Загора,Мъглиж
С-18099-012,Стадион,Стадион,с. Ленково,Плевен,Гулянци
С-18099-011,Стадион,Стадион,с. Гиген,Плевен,Гулянци
С-18099-010,Стадион,Стадион,с. Дъбован,Плевен,Гулянци
С-18099-009,Стадион,Стадион,с. Загражден,Плевен,Гулянци
С-44166-003,Спортен салон,Спортен салон,с. Гороцвет,Разград,Лозница
С-15309-004,"Спортна площадка към НУ""Христо Ботев""",Училищна спортна база,гр. Годеч,София,Годеч
С-15309-005,"Спортен салон към НУ""Христо Ботев""",Училищна спортна база,гр. Годеч,София,Годеч
Т-10865-001,Хижа в Лесопарк - Ягнило,Туристическа база,с. Ягнило,Варна,Ветрино
С-10865-005,Спортен терен,Стадион,с. Белоградец,Варна,Ветрино
С-10865-004,Спортен терен,Стадион,с. Доброплодно,Варна,Ветрино
С-10865-003,Спортен терен,Стадион,с. Момчилово,Варна,Ветрино
С-18099-008,Стадион,Стадион,с. Брест,Плевен,Гулянци
С-18099-007,Стадион,Стадион,с. Искър,Плевен,
С-18099-006,Стадион,Стадион,с. Крета,Плевен,Гулянци
С-18099-005,Стадион,Стадион,с. Милковица,Плевен,Гулянци
С-18099-004,Стадион,Стадион,с. Шияково,Плевен,Гулянци
С-10865-002,"СОУ""Христо Ботев""",Училищна спортна база,с. Ветрино,Варна,Ветрино
С-39846-010,"НУ ""Васил Левски""",Училищна спортна база,с. Пудрия,Враца,Криводол
С-15309-003,"Спортна площадка към СОУ""Проф.Д-р Асен Златаров"", гр.Годеч",Училищна спортна база,гр. Годеч,София,Годеч
С-30778-003,Игрище в с. Елов дол,Игрище,с. Еловдол,Перник,Земен
С-15309-002,"Физкултурен салон към СОУ""Проф.д-р Асен Златаров""",Училищна спортна база,гр. Годеч,София,Годеч
С-10865-001,Спортен терен,Стадион,с. Ветрино,Варна,Ветрино
С-02837-001,Стадион,Стадион,гр. Батак,Пазарджик,Батак
С-02837-003,"СОУ ""Отец Паисий""",Училищна спортна база,гр. Батак,Пазарджик,Батак
С-18099-003,Стадион,Стадион,с. Долни Вит,Плевен,Гулянци
С-18099-002,Стадион,Игрище,с. Сомовит,Плевен,Гулянци
С-18099-001,Стадион,Стадион,гр. Гулянци,Плевен,Гулянци
С-51216-002,Физкултурен салон,Училищна спортна база,с. Невестино,Кюстендил,Невестино
С-51216-003,Футболно игрище,Спортна площадка,с. Невестино,Кюстендил,Невестино
С-51216-001,Стадион с.Друмохар,Стадион,с. Друмохар,Кюстендил,Невестино
С-39846-009,"ОУ ""Васил Левски""",Училищна спортна база,с. Лесура,Враца,Криводол
С-39846-008,"Прогимназия ""Св. св. Кирил и Методий""",Училищна спортна база,с. Краводер,Враца,Криводол
С-39846-007,"ОУ ""Васил Левски""",Училищна спортна база,с. Ракево,Враца,Криводол
С-39846-006,"СОУ ""Св. св. Кирил и Методий""",Училищна спортна база,гр. Криводол,Враца,Криводол
С-39846-005,"СК ""Христо Ботев""",Спортен комплекс,гр. Криводол,Враца,Криводол
С-68134-255,"136 ОУ ""Любен Каравелов"" - спортна база",Училищна спортна база,гр. София,София (столица),Столична
С-39846-004,Стадион,Стадион,с. Лесура,Враца,Криводол
С-39846-003,Стадион,Стадион,с. Ракево,Враца,Криводол
С-39846-001,Стадион,Стадион,с. Пудрия,Враца,Криводол
С-39846-002,Стадион в с. Краводер,Стадион,с. Краводер,Враца,Криводол
С-55871-011,"Плувен басейн  X-то ОУ ""Ал. Константинов""",Басейн,гр. Перник,Перник,Перник
Т-02837-001,"Почивна база ""Цигов чарк""",Ваканционно селище,гр. Батак,Пазарджик,Батак
Т-55871-004,"Почивна станция ""Рударци""",Ваканционно селище,с. Рударци,Перник,Перник
С-22215-002,Стадион и спорта зала,Спортен комплекс,с. Комарево,Плевен,Долна Митрополия
Т-55871-003,"Хижа ""Селимица""",Туристическа база,с. Кладница,Перник,Перник
Т-55871-002,"Хижа ""Кралев дол""",Туристическа база,с. Кралев дол,Перник,Перник
Т-55871-001,"Хижа ""Славей""",Туристическа база,гр. Перник,Перник,Перник
С-40467-002,"Физкултурен салон на СОУ ""Отец Паисий"" гр. Куклен",Спортен салон,гр. Куклен,Пловдив,Куклен
С-40467-001,Куклен,Стадион,гр. Куклен,Пловдив,Куклен
С-10135-015,Младежки клуб и тенис корт - Варна,Спортна площадка,гр. Варна,Варна,Варна
С-56784-026,Спортна база,Спортна база,с. Златитрап,Пловдив,Родопи
С-56784-018,Спортна база,Спортна база,с. Брестовица,Пловдив,Родопи
С-56784-022,Спортна зала,Спортна зала,с. Първенец,Пловдив,Родопи
С-56784-019,Спортен терен,Игрище,с. Кадиево,Пловдив,Родопи
С-22215-001,Стадион за лека атлетика и футбол,Стадион,гр. Тръстеник,Плевен,Долна Митрополия
С-55871-010,"Спортен комплекс за зимни игри ""Металург"" - ледена пързалка",Спортен комплекс,гр. Перник,Перник,Перник
С-55871-009,"Кортова площадка ""Изток""",Спортна площадка,гр. Перник,Перник,Перник
С-55871-007,"Тренировъчно игрище ""Парка""",Игрище,гр. Перник,Перник,Перник
С-55871-005,"Кортово игрище ""Миньор""",Игрище,гр. Перник,Перник,Перник
Т-70175-001,Туристически заслон,Туристическа база,гр. Суворово,Варна,Суворово
С-70175-003,Спортна площадка,Спортна площадка,с. Калиманци,Варна,Суворово
С-70175-002,Спортно игрище,Стадион,с. Чернево,Варна,Суворово
С-70175-001,Стадион,Спортен комплекс,гр. Суворово,Варна,Суворово
С-30962-001,"""23-ти Септември""",Стадион,гр. Златарица,Велико Търново,Златарица
С-02837-005,"Открита спортна площадка към  СОУ ""Кирил и Методий""",Училищна спортна база,с. Нова махала,Пазарджик,Батак
С-02837-004,Открита спортна площадка към XX - Училище,Училищна спортна база,с. Фотиново,Пазарджик,Батак
С-67653-015,"ОУ ""Св.Св.Кирил и Методий""",Училищна спортна база,с. Смилян,Смолян,Смолян
С-67653-016,"ОУ""Никола Й.Вапцаров""",Училищна спортна база,с. Широка лъка,Смолян,Смолян
С-67653-013,"ОУ ""Стою Шишков""",Училищна спортна база,с. Търън,Смолян,Смолян
С-67653-019,"ОУ""Св.Св.Кирил и Методий""",Училищна спортна база,с. Арда,Смолян,Смолян
С-67653-014,"ОУ ""Св.Св.Кирил и Методий""",Училищна спортна база,с. Момчиловци,Смолян,Смолян
С-68134-060,"Плувен басейн - с. Горни Богров, район Кремиковци",Басейн,гр. София,София (столица),Столична
С-68134-283,"9 ФЕГ ""Алфонс дьо Ламартин""- спортна база",Училищна спортна база,гр. София,София (столица),Столична
С-80371-001,Спортна площадка,Спортна площадка,гр. Чепеларе,Смолян,Чепеларе
С-80371-007,"СУ ,,Олимпийски надежди""",Училищна спортна база,гр. Чепеларе,Смолян,Чепеларе
С-80371-005,"ОУ ,, Цар Борис """,Училищна спортна база,с. Павелско,Смолян,Чепеларе
С-80371-003,"ОУ,,Дичо Петров""",Училищна спортна база,гр. Чепеларе,Смолян,Чепеларе
С-61710-005,Градски стадион- ЛУДОГОРЕЦ  АРЕНА,Стадион,гр. Разград,Разград,Разград
С-68134-332,"22 СОУ ""Г.С.Раковски""- спортна база",Училищна спортна база,гр. София,София (столица),Столична
С-69633-023,"2-ра АЕГ ""Томас Джеферсън""",Училищна спортна база,гр. София,София (столица),Столична
С-68134-335,"121 СОУ ""Георги Измирлиев"" - спортна база",Училищна спортна база,гр. София,София (столица),Столична
С-68134-334,"73 СОУ ""Владислав Граматик"" - спортна база",Училищна спортна база,гр. София,София (столица),Столична
Т-68134-008,"Маршрут ""Св.Петка"", гр. Банкя",Еко пътека,гр. София,София (столица),Столична
С-68134-331,"126 ОУ ""П.Ю.Тодоров"" - спортна база",Училищна спортна база,гр. София,София (столица),Столична
С-68134-330,"104 ОУ ""Захари Стоянов"" - спортна база",Училищна спортна база,гр. София,София (столица),Столична
С-56722-021,"ОУ ""Васил Левски"" - ПЛЕВЕН",Училищна спортна база,гр. Плевен,Плевен,Плевен
С-68134-329,"41 ОУ ""Свети Патриарх Евтимий"" - спортна база",Училищна спортна база,гр. София,София (столица),Столична
С-68134-328,"20 ОУ ""Тодор Минков"" - спортна база",Училищна спортна база,гр. София,София (столица),Столична
С-68134-326,"79 СОУ ""Индира Ганди"" - спортна база",Училищна спортна база,гр. София,София (столица),Столична
Т-61577-001,"Туристическа хижа ""Орлите""",Туристическа база,гр. Радомир,Перник,Радомир
Т-61577-003,"Туристическа хижа ""Момин кладенец""",Туристическа база,с. Извор,Перник,Радомир
Т-61577-002,"Почивна база ""Бунгала""",Туристическа база,гр. Радомир,Перник,Радомир
С-61577-007,тенис корт,Спортна площадка,гр. Радомир,Перник,Радомир
С-68134-324,"96 СОУ ""Лев Николаевич Толстой"" - спортна база",Училищна спортна база,гр. София,София (столица),Столична
С-68134-323,"90 СОУ ""Генерал Хосе де Сан Мартин"" - спортна база",Училищна спортна база,гр. София,София (столица),Столична
С-68134-322,"137 СОУ  ""Ангел Кънчев""",Училищна спортна база,гр. София,София (столица),Столична
С-68134-321,"97 СОУ ""Братя Миладинова"" - спортна база",Училищна спортна база,гр. София,София (столица),Столична
С-68134-320,"56 СОУ ""Константин Иречек""- спортна база",Училищна спортна база,гр. София,София (столица),Столична
С-68134-317,"77 ОУ ""Св.св. Кирил и Методий"" - физкултурен салон",Училищна спортна база,гр. София,София (столица),Столична
С-68134-316,"37 СОУ ""Луи Пастьор""",Училищна спортна база,гр. София,София (столица),Столична
С-68134-313,"27 СОУ ""Академик Георги Караславов""-",Училищна спортна база,гр. София,София (столица),Столична
С-68134-312,Площадка за баскетбол и футбол,Спортна площадка,гр. София,София (столица),Столична
С-68134-309,Спортна площадка срещу бл.332 в Люлин,Спортна площадка,гр. София,София (столица),Столична
С-00702-035,Стадион - с.Боянци,Стадион,с. Боянци,Пловдив,Асеновград
С-68134-308,Спортна площадка срещу бл.310 в Люлин,Спортна площадка,гр. София,София (столица),Столична
С-68134-305,Спортна площадка  срещу бл. 13 в Люлин- I,Игрище,гр. София,София (столица),Столична
С-68134-306,Спортна площадка срещу бл.224 в Люлин,Спортна площадка,гр. София,София (столица),Столична
С-68134-232,"109 ОУ ""Христо Смирненски""",Училищна спортна база,гр. София,София (столица),Столична
С-68134-171,"Спортна база на 102 ОУ ""Панайот Волов""",Училищна спортна база,гр. София,София (столица),Столична
С-68134-117,"Спортна площадка на ул. ""Лепенец""",Спортна площадка,гр. София,София (столица),Столична
С-68134-168,"Физкултурен салон в 144 СОУ ""Народни будители""",Училищна спортна база,гр. София,София (столица),Столична
С-56722-045,"СОУ ""АНАСТАСИЯ ДИМИТРОВА"" - гр. ПЛЕВЕН",Училищна спортна база,гр. Плевен,Плевен,Плевен
С-68134-304,Спортна площадка срещу бл. 17 в Люлин -1,Спортна площадка,гр. София,София (столица),Столична
С-56722-019,"ОУ ""Н. Й. ВАПЦАРОВ"" - Плевен",Училищна спортна база,гр. Плевен,Плевен,Плевен
С-68134-301,"88 СОУ ""Димитър Попниколов""",Училищна спортна база,гр. София,София (столица),Столична
С-68134-302,"149 СОУ  ""Иван Хаджийски""",Училищна спортна база,гр. София,София (столица),Столична
С-87374-054,"Спортна площадка в ж.к.""Бенковски""",Спортна площадка,гр. Ямбол,Ямбол,Ямбол
С-87374-053,"Спортна площадка в ж.к.""Зорница""",Спортна площадка,гр. Ямбол,Ямбол,Ямбол
С-87374-052,"Спортна площадка в ж.к.""Гр.Игнатиев""",Спортна площадка,гр. Ямбол,Ямбол,Ямбол
С-87374-050,Градски стадион,Стадион,гр. Ямбол,Ямбол,Ямбол
С-87374-048,Клуб за шахмат,Спортна база,гр. Ямбол,Ямбол,Ямбол
С-87374-047,Спортна площадка,Спортна площадка,гр. Ямбол,Ямбол,Ямбол
С-87374-045,Конна база,Спортна база,гр. Ямбол,Ямбол,Ямбол
С-00182-009,"СОУ ""Св.Св. Кирил и Методий""",Училищна спортна база,гр. Игнатиево,Варна,Аксаково
С-00182-006,"ОУ ""Св.Климент Охридски""",Училищна спортна база,с. Кичево,Варна,Аксаково
С-00182-005,"СОУ ""Св.Климент Охридски""",Училищна спортна база,гр. Аксаково,Варна,Аксаково
С-00182-007,"ОУ ""Св.Климент Охридски""",Училищна спортна база,с. Изворско,Варна,Аксаково
С-00182-008,"ОУ ""Христо Смирненски""",Училищна спортна база,с. Въглен,Варна,Аксаково
С-00182-004,"ОУ ""Иван Вазов""",Училищна спортна база,с. Любен Каравелово,Варна,Аксаково
С-68134-300,"66 СОУ ""Филип Станиславски""",Училищна спортна база,гр. София,София (столица),Столична
С-68134-298,"53 ОУ ""Николай Хрелков""",Училищна спортна база,гр. София,София (столица),Столична
С-68134-297,"Спортна площадка при 84 ОДЗ, Овча купел",Спортна площадка,гр. София,София (столица),Столична
С-68134-296,Спортна площадка пред бл.9 в  Овча купел,Спортна площадка,гр. София,София (столица),Столична
С-68134-295,Спортна площадка пред бл.415 в Овча купел,Спортна площадка,гр. София,София (столица),Столична
С-68134-294,"Спортна площадка ""Кауфланд""",Спортна площадка,гр. София,София (столица),Столична
С-68134-293,"Спортна площадка - парк ""Овча купел"" 2",Спортна площадка,гр. София,София (столица),Столична
С-68134-292,Спортна площадка пред бл.415 Овча купел,Спортна площадка,гр. София,София (столица),Столична
С-68134-291,Спортна площадка пред бл.417 Овча купел,Спортна площадка,гр. София,София (столица),Столична
С-68134-290,Спортна площадка Овча купел,Спортна площадка,гр. София,София (столица),Столична
С-68134-288,"спортен комплекс ""Спортна София 2000"" ЕАД - база ""Борисова градина""",Спортен комплекс,гр. София,София (столица),Столична
С-68134-287,"38 ОУ ""Васил Априлов""",Училищна спортна база,гр. София,София (столица),Столична
С-68134-286,"12 СОУ ""Цар Иван Асен II""",Училищна спортна база,гр. София,София (столица),Столична
С-68134-285,"127 СОУ ""Иван Н.Денкоглу""",Училищна спортна база,гр. София,София (столица),Столична
С-68134-284,"133 СОУ ""Александър Сергеевич Пушкин""",Училищна спортна база,гр. София,София (столица),Столична
С-18157-001,Стадион,Стадион,гр. Гурково,Стара Загора,Гурково
С-18157-004,Стадион,Стадион,с. Паничерево,Стара Загора,Гурково
С-18157-003,Спортно игрище,Игрище,с. Паничерево,Стара Загора,Гурково
С-18157-005,"Спортна сграда, база",Училищна спортна база,гр. Гурково,Стара Загора,Гурково
С-68134-281,"7 СОУ ""Св.Седмочисленици""",Училищна спортна база,гр. София,София (столица),Столична
С-18157-002,"За друг обществен обект, комплекс",Спортна площадка,гр. Гурково,Стара Загора,Гурково
С-68134-282,"6 ОУ ""Граф Игнатиев""",Училищна спортна база,гр. София,София (столица),Столична
С-68134-280,"ПГИИ ""Проф.Николай Райнов""",Училищна спортна база,гр. София,София (столица),Столична
С-68134-278,"29 СОУ ""Кузман Шапкарев""",Училищна спортна база,гр. София,София (столица),Столична
С-68134-277,"14 СОУ ""Проф.Асен Златаров""",Училищна спортна база,гр. София,София (столица),Столична
С-68134-188,"4  ОУ ""проф.Джон Атанасов"" - спортна база",Училищна спортна база,гр. София,София (столица),Столична
С-68134-276,"100 ОУ ""Найден Геров""",Училищна спортна база,гр. София,София (столица),Столична
С-68134-275,"60 ОУ ""Св.св. Кирил и Методий""",Училищна спортна база,гр. София,София (столица),Столична
С-56722-044,"Държавна финасово-стопанска гимназия ""ИНТЕЛЕКТ""",Училищна спортна база,гр. Плевен,Плевен,Плевен
С-68134-274,"59 ОУ ""Васил Левски""",Училищна спортна база,гр. София,София (столица),Столична
С-56722-022,"ОУ ""Св. Климен Охридски"" - Плевен",Училищна спортна база,гр. Плевен,Плевен,Плевен
С-68134-273,"58 ОУ ""Сергей Румянцев""",Училищна спортна база,гр. София,София (столица),Столична
С-68134-272,"48 ОУ ""Йосиф Ковачев""",Училищна спортна база,гр. София,София (столица),Столична
С-68134-268,"Спортна площадка на ул.""Свързочник""",Спортна площадка,гр. София,София (столица),Столична
С-68134-271,"Спортна площадка на ул. ""Княз Церетели""",Спортна площадка,гр. София,София (столица),Столична
С-68134-270,"Спортна площадка на ул.""Березина""",Спортна площадка,гр. София,София (столица),Столична
С-68134-269,"Игрище на ул.""Единство""",Игрище,гр. София,София (столица),Столична
С-68134-267,"Игрище на ул.""Планинско цвете""",Игрище,гр. София,София (столица),Столична
С-56722-020,"Прогимназия ""Цветан Спасов"" Плевен",Училищна спортна база,гр. Плевен,Плевен,Плевен
С-56722-043,"ОУ ""Д-р Петър Берон"" - гр. Плевен",Училищна спортна база,гр. Плевен,Плевен,Плевен
С-68134-266,"Спортна площадка ул.""Железопътна""",Спортна площадка,гр. София,София (столица),Столична
С-68134-264,Спортна площадка - V градска болница,Спортна площадка,гр. София,София (столица),Столична
С-56722-017,СОУ „Пейо Яворов” ПЛЕВЕН,Училищна спортна база,гр. Плевен,Плевен,Плевен
С-68134-263,"Спортна площадка ул. ""Княз Церетели""",Спортна площадка,гр. София,София (столица),Столична
С-68134-262,"Спортна площадка ""Фондови жилища""",Спортна площадка,гр. София,София (столица),Столична
С-07079-062,Спортна площадка,Спортна площадка,,Бургас,
С-56722-024,"СУ ""Георги Бенковски"" Плевен",Училищна спортна база,гр. Плевен,Плевен,Плевен
С-68134-260,"91 НЕГ ""Проф.Гълъбов"" - спортна база",Училищна спортна база,гр. София,София (столица),Столична
С-07079-059,Спортна площадка,Спортна площадка,,Бургас,
С-56722-042,"СОУ ""Христо Смирненски"" - гр. Плевен",Училищна спортна база,гр. Плевен,Плевен,Плевен
С-68134-259,"32 СОУ ""Св.Климент Охридски""",Училищна спортна база,гр. София,София (столица),Столична
С-68134-258,"30 СОУ ""Братя Миладинови""",Училищна спортна база,гр. София,София (столица),Столична
С-68134-257,"18 ОУ ""Уилям Гладстон""",Училищна спортна база,гр. София,София (столица),Столична
С-69660-010,Открита спортна площадка,Спортна площадка,гр. Стралджа,Ямбол,Стралджа
С-69660-007,"ОУ ""Христо Ботев""",Училищна спортна база,с. Войника,Ямбол,Стралджа
С-69660-004,"ОУ ""Св. Св. Кирил и Методи""",Училищна спортна база,с. Зимница,Ямбол,Стралджа
С-69660-005,Открита спортна площадка,Училищна спортна база,с. Зимница,Ямбол,Стралджа
С-69660-008,"СОУ ""П. Яворов""",Училищна спортна база,гр. Стралджа,Ямбол,Стралджа
С-69660-003,"СОУ ""П.К.Яворов""",Училищна спортна база,гр. Стралджа,Ямбол,Стралджа
С-69660-006,Физкултурен салон и спортна площадка,Училищна спортна база,гр. Стралджа,Ямбол,Стралджа
С-68134-256,"13 ОУ ""Св.св. Кирил и Методий"" - спортна база",Училищна спортна база,гр. София,София (столица),Столична
С-68134-254,"76 ОУ ""Уилям Сароян"" - спортна база",Училищна спортна база,гр. София,София (столица),Столична
С-68134-253,"67 ОУ ""Васил Друмев"", район Възраждане, София - спортна база",Училищна спортна база,,София град,
С-68134-252,"46 ОУ ""Константин Фотинов""",Училищна спортна база,гр. София,София (столица),Столична
С-03366-006,"НУ ""Проф.Иван Шишманов"" - с.Деков",Училищна спортна база,с. Деков,Плевен,Белене
С-68134-250,"Спортна площадка бул.""Д.Николаев""",Спортна площадка,гр. София,София (столица),Столична
С-03366-005,"ОУ ""Васил Левски"" - гр.Белене",Училищна спортна база,гр. Белене,Плевен,Белене
С-68134-249,"Спортна площадка на ул.""Асен Златаров""",Спортна площадка,гр. София,София (столица),Столична
С-03366-004,"СОУ ""Димчо Дебелянов"" - Белене",Училищна спортна база,гр. Белене,Плевен,Белене
С-68134-247,"Спортна площадка на ул.""Черковна""",Спортна площадка,гр. София,София (столица),Столична
С-68134-246,"Спортна площадка на ул. ""Султан тепе""",Спортна площадка,гр. София,София (столица),Столична
С-68134-248,"Спортна площадка ул.""Асен Златаров""",Спортна площадка,гр. София,София (столица),Столична
С-68134-245,"Спортна площадка ул.""Попова шапка""",Спортна площадка,гр. София,София (столица),Столична
С-68134-116,"Спортна площадка на ул. ""Рилска обител""",Спортна площадка,гр. София,София (столица),Столична
С-68134-244,"Спортна площадка ул.""Искър""",Спортна площадка,гр. София,София (столица),Столична
С-68134-243,"Спортна площадка на ул.""Богдан""",Спортна площадка,гр. София,София (столица),Столична
С-07079-056,Игрище,Игрище,гр. Бургас,Бургас,Бургас
С-07079-057,Игрище,Игрище,,Бургас,
С-07079-055,Стадион,Стадион,гр. Бургас,Бургас,Бургас
С-07079-050,Стадион,Стадион,,Бургас,
С-35523-010,ОУ - в с. Песнопой,Училищна спортна база,с. Песнопой,Пловдив,Калояново
С-35523-009,ОУ - в с. Ръжево Конаре,Училищна спортна база,с. Ръжево Конаре,Пловдив,Калояново
С-35523-008,ОУ - Житница,Училищна спортна база,с. Житница,Пловдив,Калояново
С-07079-045,Стадион,Стадион,гр. Българово,Бургас,Бургас
С-07079-044,Стадион,Стадион,гр. Бургас,Бургас,Бургас
С-40525-004,"Спортна площадка към СОУ ""Васил Левски"" - гр. Кула",Спортна площадка,гр. Кула,Видин,Кула
С-40525-003,Терен за футболно игрище,Стадион,с. Старопатица,Видин,Кула
С-40525-002,Стадион в град Кула,Стадион,гр. Кула,Видин,Кула
С-68134-241,"СМГ ""Паисий Хилендарски""",Училищна спортна база,гр. София,София (столица),Столична
С-35523-007,Стадион в с. Черноземен,Стадион,с. Черноземен,Пловдив,Калояново
С-35523-006,Стадион в с. Житница,Стадион,с. Житница,Пловдив,Калояново
С-68134-238,"164 ГПИЕ ""Михаел де Сервантес""/129 ОУ ""Владимир Заимов""",Училищна спортна база,гр. София,София (столица),Столична
С-68134-237,"Спортна площадка за тенис в дора на 121 СОУ ""Георги Измирлиев""",Спортна площадка,гр. София,София (столица),Столична
С-68134-236,Спортна площадка за футбол и баскетбол,Спортна площадка,гр. София,София (столица),Столична
С-68134-234,"1 СОУ ""Пенчо Славейков"" - спортна база",Училищна спортна база,гр. София,София (столица),Столична
С-72271-007,Спортна площадка,Спортна площадка,с. Коларци,Добрич,Тервел
С-72271-006,Тренировъчно игрище,Игрище,гр. Тервел,Добрич,Тервел
С-72271-004,Градски парк,Спортна база,гр. Тервел,Добрич,Тервел
Т-68727-001,Туристическа хижа с. Тънково,Туристическа база,с. Тънково,Хасково,Стамболово
С-72271-005,Стадион,Стадион,гр. Тервел,Добрич,Тервел
С-68727-005,"НУ "" Свети Климент Охридски"" с. Поповец",Училищна спортна база,с. Поповец,Хасково,Стамболово
С-68727-004,"ОУ "" Св.Св. Кирил и Методий"" с. Жълти бряг",Училищна спортна база,с. Жълти бряг,Хасково,Стамболово
С-68727-003,"СОУ"" СВЕТИ КЛИМЕНТ ОХРИДСКИ"" С. СТАМБОЛОВО",Училищна спортна база,с. Стамболово,Хасково,Стамболово
С-72271-003,Басейн за оздравителни и закалителни процедури на деца,Басейн,гр. Тервел,Добрич,Тервел
С-72271-002,Детска площадка,Спортна площадка,гр. Тервел,Добрич,Тервел
С-72271-001,Детска площадка,Спортна площадка,гр. Тервел,Добрич,Тервел
С-68134-053,"17 СОУ ""Дамян Груев"" - София",Училищна спортна база,гр. София,София (столица),Столична
С-68134-233,"148 ОУ ""Любомир Милетич"" - спортна база",Училищна спортна база,гр. София,София (столица),Столична
С-68134-231,"138 СОУ ""Васил Златарски"", район Слатина",Училищна спортна база,гр. София,София (столица),Столична
С-68134-230,"94 СОУ ""Димитър Страшимиров"", район Слатина",Училищна спортна база,гр. София,София (столица),Столична
С-68134-229,"93 СОУ ""Александър Теодоров -Балан""",Училищна спортна база,гр. София,София (столица),Столична
С-07079-042,"Спортна площадка на УО ""Елин Пелин""",Училищна спортна база,гр. Бургас,Бургас,Бургас
С-68134-228,"31 СУЧЕМ ""Иван Вазов""",Училищна спортна база,гр. София,София (столица),Столична
С-55155-007,Плувен комплекс,Плувен комплекс,гр. Пазарджик,Пазарджик,Пазарджик
С-68134-227,"Спортна площадка за футбол - район ""Триадица""",Спортна площадка,гр. София,София (столица),Столична
С-14218-002,Спортен комплекс „Христо Ботев“,Спортен комплекс,гр. Габрово,Габрово,Габрово
С-05236-011,футболно игрище,Спортна база,с. Мърчево,Монтана,Бойчиновци
С-05236-008,футболно игрище,Игрище,с. Владимирово,Монтана,Бойчиновци
С-05236-007,футболно игрище,Игрище,с. Портитовци,Монтана,Бойчиновци
С-05236-006,футболно игрище,Игрище,с. Мадан,Монтана,Бойчиновци
С-68134-223,"Спортна площадка на ул.""Ген. Г. Тановски"", Слатина",Спортна площадка,гр. София,София (столица),Столична
С-05236-001,"Стадион ""Септември""",Стадион,гр. Бойчиновци,Монтана,Бойчиновци
С-05236-010,Основно училище с. Мадан,Училищна спортна база,с. Мадан,Монтана,Бойчиновци
С-05236-009,футболно игрище,Игрище,с. Кобиляк,Монтана,Бойчиновци
С-05236-004,"спортен комплекс ""Септември - 2009""",Спортен комплекс,с. Лехчево,Монтана,Бойчиновци
С-68134-221,"Спортна площадка  бул.""Ситняково"", район Слатина",Спортна площадка,гр. София,София (столица),Столична
С-68134-220,Зала за художествена гимнастика,Спортна зала,гр. София,София (столица),Столична
С-68134-219,Спортна площадка на ул. 598,Спортна площадка,гр. София,София (столица),Столична
С-32024-004,Футболно игрище,Игрище,с. Плевун,Хасково,Ивайловград
С-16359-004,"Физкултурен салон в СОУ ""Вичо Грънчаров"" гр. Горна Оряховица",Училищна спортна база,гр. Горна Оряховица,Велико Търново,Горна Оряховица
С-16359-010,"Физкултурен салон в ОУ ""Св.Св.Кирил и Методий"" с. Поликрайще",Училищна спортна база,с. Поликраище,Велико Търново,Горна Оряховица
С-16359-011,"Физкултурен салон в ОУ ""Св.Св.Кирил и Методий"" с. Крушето",Училищна спортна база,с. Крушето,Велико Търново,Горна Оряховица
С-16359-006,"Физкултурен салон в ОУ ""Св.Св.Кирил и Методий"" гр. Долна Оряховица",Училищна спортна база,гр. Долна Оряховица,Велико Търново,Горна Оряховица
С-16359-008,"Физкултурен салон в ОУ ""Климент Охридски"" с. Драганово",Училищна спортна база,с. Драганово,Велико Търново,Горна Оряховица
С-16359-005,"Физкултурен салон в ОУ ""Иван Вазов"" гр.Горна Оряховица",Училищна спортна база,гр. Горна Оряховица,Велико Търново,Горна Оряховица
С-68134-218,"Спортна площадка на ул. ""Николай Коперник""",Спортна площадка,гр. София,София (столица),Столична
С-16359-007,"Физкултурен салон в ОУ ""Елин Пелин"" с. Първомайци",Училищна спортна база,с. Първомайци,Велико Търново,Горна Оряховица
С-16359-009,"Физкултурен салон в ОУ ""Васил Левски"" с. Върбица",Училищна спортна база,с. Върбица,Велико Търново,Горна Оряховица
С-16359-022,Спортна площадка,Спортна площадка,гр. Горна Оряховица,Велико Търново,Горна Оряховица
С-16359-021,Спортна площадка,Спортна площадка,гр. Горна Оряховица,Велико Търново,Горна Оряховица
С-04501-004,Плувен комплекс,Плувен комплекс,гр. Бобов дол,Кюстендил,Бобов дол
С-68134-217,"Спортна площадка  на ул. ""Детелин войвода"", Слатина",Спортна площадка,гр. София,София (столица),Столична
С-68134-216,"139 ОУ ""Захари Круша""",Училищна спортна база,гр. София,София (столица),Столична
С-56722-027,"НУ ""Отец Паисий"" гр. Плевен",Училищна спортна база,гр. Плевен,Плевен,Плевен
С-27190-012,"ОУ ""Отец Паисий"" с. Майско",Училищна спортна база,с. Майско,Велико Търново,Елена
С-68134-211,"122 ОУ ""Николай Лилиев""",Училищна спортна база,гр. София,София (столица),Столична
С-68134-215,"113 СОУ ""Сава Филаретов""",Училищна спортна база,гр. София,София (столица),Столична
С-68134-213,"45 ОУ ""Константин Величков""",Училищна спортна база,гр. София,София (столица),Столична
С-68134-214,"43 ОУ ""Христо Смирненски"", Илинден",Училищна спортна база,гр. София,София (столица),Столична
Т-27190-003,"Туристическа хижа ""Буковец""",Туристическа база,,Велико Търново,
Т-27190-002,"Хижа ""Чумерна""",Туристическа база,,Велико Търново,
Т-27190-001,Туристическа спалня  №1,Туристическа база,гр. Елена,Велико Търново,Елена
С-32024-001,"стадион ""Раковски""",Спортен комплекс,гр. Ивайловград,Хасково,Ивайловград
С-27190-010,"ОУ ""Хр. Ботев"" с. Беброво",Училищна спортна база,с. Беброво,Велико Търново,Елена
С-27190-011,"ОУ ""Отец Паисий"" с. Константин",Училищна спортна база,с. Константин,Велико Търново,Елена
С-27190-008,"Физкултурен салон малък СОУ ""Ив. Момчилов""",Училищна спортна база,гр. Елена,Велико Търново,Елена
С-27190-006,"Плувен басейн  СОУ ""Ив. Момчилов""",Училищна спортна база,гр. Елена,Велико Търново,Елена
С-27190-004,Спортна площадка,Спортна площадка,гр. Елена,Велико Търново,Елена
С-68134-212,"3 СОУ ""Марин Дринов"",  Илинден",Училищна спортна база,гр. София,София (столица),Столична
С-16359-003,"Физкултурен салон в ОУ ""Св.Св.Кирил и Методий"" гр. Горна Оряховица",Училищна спортна база,гр. Горна Оряховица,Велико Търново,Горна Оряховица
С-16359-023,"Физкултурен салон в ПГСС ""Боруш"" с.Крушето",Училищна спортна база,с. Крушето,Велико Търново,Горна Оряховица
С-16359-012,"Физкултурен салон в ОУ ""Отец Паисий"" с. Писарево",Училищна спортна база,с. Писарево,Велико Търново,Горна Оряховица
С-16359-001,"Физкултурен салон в ОУ ""Св.Паисий Хилендарски"" гр.Горна Оряховица",Училищна спортна база,гр. Горна Оряховица,Велико Търново,Горна Оряховица
С-68134-195,"107 ОУ ""Хан Крум""",Училищна спортна база,гр. София,София (столица),Столична
С-68134-210,"Спортна площадка, бл.326 в р-н Илинден",Спортна площадка,гр. София,София (столица),Столична
С-68134-209,"Спортна площадка до бл.150, Илинден",Спортна площадка,гр. София,София (столица),Столична
С-68134-208,"Спортна площадка бл.352-3, Илинден",Спортна площадка,гр. София,София (столица),Столична
С-68134-207,"Спортна площадка ул. ""Сехово""",Спортна площадка,гр. София,София (столица),Столична
С-69633-021,Спортна полщадка до бл.135,Спортна площадка,гр. София,София (столица),Столична
С-68134-115,"Спортна площадка на ул. ""Летоструй""",Спортна площадка,гр. София,София (столица),Столична
С-68134-206,"Спортна площадка до бл.131 Б и В, район Илинден",Спортна площадка,гр. София,София (столица),Столична
С-68134-205,спортна площадка до бл.118 в район Илинден,Спортна площадка,гр. София,София (столица),Столична
С-68134-204,"Спортна площадка  на ул. ""Чавдарица"", район Илинден",Спортна площадка,гр. София,София (столица),Столична
С-68134-203,Спортна площадка до бл.313,Спортна площадка,гр. София,София (столица),Столична
С-68134-202,"Спортна площадка до бл.168,жк ""Св.Троица""",Спортна площадка,гр. София,София (столица),Столична
С-68134-201,"Спортна площадка в жк ""Света Троица""",Спортна площадка,гр. София,София (столица),Столична
С-68134-200,"Спортна площадка кв.""Захарна фабрика""",Спортна площадка,гр. София,София (столица),Столична
С-16359-002,"Физкултурен салон към СОУ ""Георги Измирлиев"" гр. Горна Оряховица",Училищна спортна база,гр. Горна Оряховица,Велико Търново,Горна Оряховица
С-68134-198,"108 СОУ ""Никола Беловеждов""",Училищна спортна база,гр. София,София (столица),Столична
С-68134-086,"105 СОУ ""Атанас Далчев""",Училищна спортна база,гр. София,София (столица),Столична
С-68134-196,"69 СОУ ""Димитър Маринов""",Училищна спортна база,гр. София,София (столица),Столична
С-80501-001,Спортна зала,Спортна зала,гр. Червен бряг,Плевен,Червен бряг
С-68134-194,"163 ОУ ""Черноризец Храбър"" спортна база",Училищна спортна база,гр. София,София (столица),Столична
С-47714-005,Детски комплекс,Спортна зала,гр. Мездра,Враца,Мездра
С-68134-189,"35 СОУ ""Добри Войников""",Училищна спортна база,гр. София,София (столица),Столична
С-68134-193,"Спортна база на 150 ОУ ""Цар Симеон Първи""",Училищна спортна база,гр. София,София (столица),Столична
С-68134-192,"120 ОУ ""Г. Ст. Раковски""",Училищна спортна база,гр. София,София (столица),Столична
С-47714-008,Спортна площадка за тенис на корт,Спортна площадка,гр. Мездра,Враца,Мездра
С-07079-041,"Физкултурен салон на СОУ ""Константин Преславски""",Училищна спортна база,гр. Бургас,Бургас,Бургас
С-67653-012,"VII СОУ""Отец Паисий""",Училищна спортна база,гр. Смолян,Смолян,Смолян
С-67653-017,"Природоматематическа гимназия ""Васил Левски""",Училищна спортна база,гр. Смолян,Смолян,Смолян
С-67653-011,"ОУ ""Иван Вазов"" и ГПЧЕ ""Иван Вазов""",Училищна спортна база,гр. Смолян,Смолян,Смолян
С-67653-010,"V ОУ ""Юрий Гагарин""",Училищна спортна база,гр. Смолян,Смолян,Смолян
С-67653-009,"IV ОУ ""Стою Шишков""",Училищна спортна база,гр. Смолян,Смолян,Смолян
С-67653-007,"II ОУ""Проф. д-р Асен Златаров""",Училищна спортна база,гр. Смолян,Смолян,Смолян
С-00084-005,"ОУ""Христо Ботев""",Училищна спортна база,с. Аврен,Варна,Аврен
С-00084-007,"Спортна площадка към ОУ ""Д-р Петър Берон""",Училищна спортна база,с. Приселци,Варна,Аврен
С-00084-009,"Спортна площадка към  ОУ "" Д-р Петър Берон""",Училищна спортна база,с. Царевци,Варна,Аврен
С-00084-008,"Спортна площадка към ОУ""Св. Св. Кирил и Методий""",Училищна спортна база,с. Тръстиково,Варна,Аврен
С-00084-006,"ОУ "" Св. Климент Охридски""",Училищна спортна база,с. Дъбравино,Варна,Аврен
С-56722-039,"ОУ ""св. св. Кирил и Методий"" с. Бръшляница",Училищна спортна база,с. Бръшляница,Плевен,Плевен
С-56722-036,"ОУ ""св. св. Кирил и Методий"" с. Ясен",Училищна спортна база,с. Ясен,Плевен,Плевен
С-56722-038,"ОУ ""св. св. Кирил и Методий"" с. Търнене",Училищна спортна база,с. Търнене,Плевен,Плевен
С-56722-040,"ОУ ""Васил Левски"" в с. Беглеж",Училищна спортна база,с. Беглеж,Плевен,Плевен
С-56722-029,"ОУ ""Антон Страшимиров"" в с. Бохот",Училищна спортна база,с. Бохот,Плевен,Плевен
С-56722-030,"НУ ""Христо Ботев"" с. Брестовец (закрито)",Училищна спортна база,с. Брестовец,Плевен,Плевен
С-56722-037,"ОУ ""Христо Ботев"" в с. Пелишат",Училищна спортна база,с. Пелишат,Плевен,Плевен
С-56722-032,"ОУ ""Св. св. Кирил и Методий"" в с. Гривица (закрито)",Училищна спортна база,с. Гривица,Плевен,Плевен
С-67653-006,"I СОУ ""Св.Св.Кирил и Методий""",Училищна спортна база,гр. Смолян,Смолян,Смолян
С-56722-013,Тренировъчно игрище - Лека атлетика,Игрище,гр. Плевен,Плевен,Плевен
С-56722-025,"СОУ ""Стоян Заимов"" в гр. Плевен",Училищна спортна база,гр. Плевен,Плевен,Плевен
С-56722-034,"ОУ ""Христо Ботев"" в с. Николаево",Училищна спортна база,с. Николаево,Плевен,Плевен
С-67372-007,"Спортна площадка към СОУ""Св.Св.Кирил и Методий""",Спортна площадка,гр. Сливница,София,Сливница
С-32024-003,Футболно игрище,Игрище,гр. Ивайловград,Хасково,Ивайловград
С-67372-003,"СОУ ""Св.Св.Кирил и Методий""",Училищна спортна база,гр. Сливница,София,Сливница
С-67372-005,"ОУ""Иван Вазов"" с.Алдомировци",Училищна спортна база,с. Алдомировци,София,Сливница
С-18280-005,"Стадион ""Христо Ботев""",Спортен комплекс,гр. Гълъбово,Стара Загора,Гълъбово
С-00084-010,Футболно игрище,Игрище,с. Дъбравино,Варна,Аврен
С-56722-035,"ОУ ""Отец Паисий"" в с. Опанец",Училищна спортна база,с. Опанец,Плевен,Плевен
С-56722-031,"ОУ ""Климент Охридски"" в с. Буковлък",Училищна спортна база,с. Буковлък,Плевен,Плевен
С-56722-023,"ОУ ""Йордан Йовков"" - гр. Плевен",Училищна спортна база,гр. Плевен,Плевен,Плевен
С-32024-002,Спортна площадка,Спортна площадка,гр. Ивайловград,Хасково,Ивайловград
Т-58356-001,"Почивна база ""Кокиче""",Туристическа база,гр. Приморско,Бургас,Приморско
Т-51500-001,"х-л ""Кипарис""",Ваканционно селище,,Бургас,
С-56722-018,"МГ ""Гео Милев"" - гр.Плевен",Училищна спортна база,гр. Плевен,Плевен,Плевен
С-56722-016,"СОУ ""Иван Вазов"" гр. Плевен",Училищна спортна база,гр. Плевен,Плевен,Плевен
С-70247-008,"Физкултурен салон към  СОУ ""Христо Ботев""",Училищна спортна база,гр. Сунгурларе,Бургас,Сунгурларе
С-70247-006,"Физкултурен салон към ОУ""Св.св.Кирил и Методий""",Училищна спортна база,с. Манолич,Бургас,Сунгурларе
С-70247-009,"Физкултурен салон в СОУ ""Христо Ботев""",Училищна спортна база,гр. Сунгурларе,Бургас,Сунгурларе
С-56722-026,Гимназия с преподаване на чужди езици - ПЛЕВЕН,Училищна спортна база,гр. Плевен,Плевен,Плевен
С-56784-016,Спортен комплекс,Спортен комплекс,с. Калековец,Пловдив,Марица
С-70247-007,"Физкултурен салон в ОУ""Отец Паисий""",Училищна спортна база,с. Съединение,Бургас,Сунгурларе
С-70247-004,Стадион,Стадион,гр. Сунгурларе,Бургас,Сунгурларе
С-68134-187,"Комбинирана спортна площадка,ж.к. ""Дружба - II""",Спортна площадка,гр. София,София (столица),Столична
С-68134-186,"Спортна площадка  жк ""Дружба- II""",Спортна площадка,гр. София,София (столица),Столична
С-68134-185,"Спортна площадка в кв. ""Д.Миленков""",Спортна площадка,гр. София,София (столица),Столична
С-56784-013,спортна база,Стадион,,Пловдив,
С-56784-012,спортно игрище,Игрище,,Пловдив,
С-62997-001,Професионална гимназия по каменообработване,Училищна спортна база,с. Кунино,Враца,Роман
С-73198-002,"Национална гимназия за приложни изкуства ""Проф. Венко Колев"" - Троян",Училищна спортна база,гр. Троян,Ловеч,Троян
С-73403-010,"Национална гимназия за приложни изкуства ""Тревненска школа"" - Трявна",Училищна спортна база,гр. Трявна,Габрово,Трявна
С-68134-182,Спортна площадка жк Дружба,Спортна площадка,гр. София,София (столица),Столична
С-68134-181,Спортна площадка в жк Дружба,Спортна площадка,гр. София,София (столица),Столична
С-68134-180,"Спортна площадка в ж.к. ""Дружба""",Спортна площадка,гр. София,София (столица),Столична
С-68134-179,Спортна площадка в ж.к.Дружба,Спортна площадка,гр. София,София (столица),Столична
С-14218-004,"Стадион „Христо Смирнески""",Стадион,гр. Габрово,Габрово,Габрово
С-63427-002,"Национално училище по изкуствата ""Проф. Веселин Стоянов"" - Русе",Училищна спортна база,гр. Русе,Русе,Русе
С-07079-040,"Национално училище за музикално и сценично изкуство ""Панчо Владигеров"" - Бургас",Училищна спортна база,гр. Бургас,Бургас,Бургас
С-39030-001,"Национално училище за фолклорни изкуства ""Филип Кутев"" - Котел",Зала за обща физическа подготовка,гр. Котел,Сливен,Котел
С-67653-018,"Национално училище за фолклорни изкуства ""Широка лъка"", с. Широка лъка",Училищна спортна база,с. Широка лъка,Смолян,Смолян
С-68850-001,"Национално училище за музикални и сценични изкуства ""Христина Морфова"" - Стара Загора",Училищна спортна база,гр. Стара Загора,Стара Загора,Стара Загора
С-68134-177,"Спортна площадка за баскетбол, волейбол и футбол, Дружба I",Спортна площадка,гр. София,София (столица),Столична
С-56784-009,"Национална художествена гимназия ""Цанко Лавренов""",Училищна спортна база,гр. Пловдив,Пловдив,Пловдив
С-68134-175,"Национална гимназия за древни езици и култури ""Константин - Кирил Философ"" - София",Училищна спортна база,гр. София,София (столица),Столична
С-68134-124,Национална професионална гимназия по полиграфия и фотография - София,Училищна спортна база,гр. София,София (столица),Столична
С-68134-169,"Физкултурен салон 1 в 145 СОУ ""Симеон Радев""",Училищна спортна база,гр. София,София (столица),Столична
С-68134-166,"Физкултурен салон на 128 СОУ ""Алберт Айнщайн""",Училищна спортна база,гр. София,София (столица),Столична
С-68134-165,"Физкултурен салон на 125 СОУ ""Боян Пенев""",Училищна спортна база,гр. София,София (столица),Столична
С-68134-164,"Физкултурен салон в 118 СОУ ""Академик Людмил Стоянов""",Училищна спортна база,гр. София,София (столица),Столична
С-68134-076,"70 ОУ ""Св.Климент Охридски"" - София",Училищна спортна база,гр. София,София (столица),Столична
С-68134-095,"44 СОУ ""Неофит Бозвели""",Училищна спортна база,гр. София,София (столица),Столична
С-69633-020,Спортна площадка зад бл. 29,Спортна площадка,гр. София,София (столица),Столична
С-05236-005,"Футболно игрище ""Хайдут""",Игрище,с. Ерден,Монтана,Бойчиновци
С-17395-006,Градски стадион,Стадион,гр. Гоце Делчев,Благоевград,Гоце Делчев
С-07079-038,"Спортна площадка на ОУ ""Любен Каравелов"", гр.Бургас",Спортна площадка,гр. Бургас,Бургас,Бургас
Т-68134-009,"хижа ""Боерица""",Туристическа база,гр. София,София (столица),Столична
С-68134-163,"Физкултурен салон в 86 ОУ ""Св.Климент Охридски""",Училищна спортна база,гр. София,София (столица),Столична
С-39116-008,физкултурен салон,Спортен салон,гр. Кочериново,Кюстендил,Кочериново
С-68134-085,"11 ОУ ""Свети Пимен Зографски""",Училищна спортна база,гр. София,София (столица),Столична
С-68134-162,"Физкултурен салон 52 ОУ ""Цанко Церковски"",",Училищна спортна база,гр. София,София (столица),Столична
С-39116-007,спортна площадка,Спортна база,гр. Кочериново,Кюстендил,Кочериново
С-39116-006,игрище,Игрище,гр. Кочериново,Кюстендил,Кочериново
С-07079-036,"Физкултурен салон на СОУ ""Димчо Дебелянов"".",Училищна спортна база,гр. Бургас,Бургас,Бургас
С-68134-160,"Физкултурен салон в в 5 ОУ ""Иван Вазов""",Училищна спортна база,гр. София,София (столица),Столична
С-68134-159,"Физкултурен салон в 26 СОУ ""Йордан Йовков""",Училищна спортна база,гр. София,София (столица),Столична
С-68134-158,"Физкултурен салон в 2 СОУ ""Емилиян Станев""",Училищна спортна база,гр. София,София (столица),Столична
С-07079-034,"Физкултурен салон на Помощно училище ""Отец Паисий""",Училищна спортна база,гр. Бургас,Бургас,Бургас
С-68134-151,Скейт парк срещу УНСС,Спортна площадка,гр. София,София (столица),Столична
С-68134-153,"Физкултурен салон на 8 СОУ ""Васил Левски""",Училищна спортна база,,София град,
С-07079-033,"Физкултурен салон на ОУ ""Георги Бенковски"".",Училищна спортна база,гр. Бургас,Бургас,Бургас
С-17395-005,Спортна зала,Спортна зала,гр. Гоце Делчев,Благоевград,Гоце Делчев
С-68134-152,"Тенис-корт -ВЕЦ ""Симеоново""",Спортна площадка,гр. София,София (столица),Столична
С-17395-004,"3-ОУ ""Братя Миладинови""",Училищна спортна база,гр. Гоце Делчев,Благоевград,Гоце Делчев
С-07079-032,"Спортна площадка  на ОУ ""Васил Левски"", кв. Горно Езерово.",Спортна площадка,гр. Бургас,Бургас,Бургас
С-07079-031,"Спортна площадка на ОУ ""Васил Левски"", гр.Българово.",Училищна спортна база,гр. Българово,Бургас,Бургас
С-17395-003,"2-ОУ ""Гоце Делчев""",Училищна спортна база,гр. Гоце Делчев,Благоевград,Гоце Делчев
С-17395-002,"1-ОУ ""Св.Св. Кирил и Методи""",Училищна спортна база,гр. Гоце Делчев,Благоевград,Гоце Делчев
С-17395-001,"ПМГ ""Яне Сандански""",Училищна спортна база,гр. Гоце Делчев,Благоевград,Гоце Делчев
С-68134-149,"Спортна площадка с игрище за футбол, район Студентски",Спортна площадка,гр. София,София (столица),Столична
Т-68134-006,"маршрут ""Дивотински манастир""",Еко пътека,гр. София,София (столица),Столична
Т-68134-007,"маршрут ""Есперанто"", гр. Банкя",Еко пътека,гр. София,София (столица),Столична
Т-68134-005,"маршрут ""Бобош""",Еко пътека,гр. София,София (столица),Столична
Т-68134-004,"маршрут ""Пътека на здравето"",Банкя",Еко пътека,гр. София,София (столица),Столична
С-07079-028,"Физкултурен салон на СОУ ""Константин Петканов""",Училищна спортна база,гр. Бургас,Бургас,Бургас
С-07079-027,"Физкултурен салон ЕГ ""Гьоте"" и ЕГ ""Гео Милев""",Училищна спортна база,гр. Бургас,Бургас,Бургас
Т-68134-003,"Творчески дом /бивша хижа ""Кукуряк""/",Туристическа база,,София град,
С-62671-001,"Стадион ""Мусала""",Стадион,гр. Рила,Кюстендил,Рила
С-56722-041,"Национално училище по изкуствата ""Панайот Пипков"" - Плевен",Училищна спортна база,гр. Плевен,Плевен,Плевен
С-07079-023,"Спортна площадка на ОУ ""Христо Ботев""",Училищна спортна база,гр. Бургас,Бургас,Бургас
С-07079-022,"Физкултурен салон към ОУ ""Климент Охридски"", с. Рудник",Училищна спортна база,,Бургас,
С-10135-022,"Национално училище по изкуствата ""Добри Христов"" - Варна",Училищна спортна база,гр. Варна,Варна,Варна
С-55021-016,"Физкултурен салон към ОУ ""Просвета"" с. Тъжа",Училищна спортна база,с. Тъжа,Стара Загора,Павел баня
С-55021-011,"Физкултурен салон към ОУ ""П.Хилендарски"" с. Търничени",Училищна спортна база,с. Търничени,Стара Загора,Павел баня
С-55021-012,"Физкултурен салон към ОУ ""Христо Ботев"" с. Александрово",Училищна спортна база,с. Александрово,Стара Загора,Павел баня
С-55021-013,"Спортна площадка ОУ ""Ген. Скобелев"" с. Скобелево",Училищна спортна база,с. Скобелево,Стара Загора,Павел баня
С-55021-015,"Спортна площадка ОУ ""Хр.Ботев"" с. Осетеново",Училищна спортна база,с. Осетеново,Стара Загора,Павел баня
С-55021-009,"Физкултурен салон към ОУ ""Васил Левски""",Училищна спортна база,с. Горно Сахране,Стара Загора,Павел баня
С-55021-008,"Физкултурен салон към СОУ ""Хр.Ботев""",Училищна спортна база,гр. Павел баня,Стара Загора,Павел баня
С-07079-020,"Физкултурен салон към НУ ""Михаил Лъкатник""",Училищна спортна база,гр. Бургас,Бургас,Бургас
С-56784-005,Спортна площадка,Спортна площадка,с. Скутаре,Пловдив,Марица
С-62671-003,"Физкултурен спортен салон към СОУ ""Аверкий Попстоянов""",Училищна спортна база,гр. Рила,Кюстендил,Рила
С-62671-004,"Съоръжения за площадки за игра (люлки, пързалки, катерушки) в ОДЗ ""Д-р Тодора Миладинова""",Училищна спортна база,гр. Рила,Кюстендил,Рила
С-62671-002,"Спортна площадка в кв. 34, гр. Рила",Спортна площадка,гр. Рила,Кюстендил,Рила
С-68134-141,"Спортна площадка в ЧНУ ""Веда""",Училищна спортна база,гр. София,София (столица),Столична
С-67338-002,"Национална художествена гимназия ""Димитър Добрович"" - Сливен",Училищна спортна база,гр. Сливен,Сливен,Сливен
С-63207-004,"""Физкултурен салон "" при ОУ ""Хр. Ботев"" с. Елховец",Училищна спортна база,с. Елховец,Смолян,Рудозем
С-63207-002,"""Физкултурен салон"" към СОУ ""Св. св. Кирил и Методий""",Училищна спортна база,гр. Рудозем,Смолян,Рудозем
С-68134-138,спортна площадка в Чепинци,Спортна площадка,гр. София,София (столица),Столична
С-68134-137,Спортна площадка в кв.Курило,Спортна площадка,гр. София,София (столица),Столична
С-68134-139,Спортна площадка в с. Житен,Спортна площадка,гр. София,София (столица),Столична
С-63207-001,"Стадион ""Миньор""",Стадион,гр. Рудозем,Смолян,Рудозем
С-68134-136,"Физкултурна зала в 160 ОУ ""Св.св.Кирил и Методий""",Училищна спортна база,гр. София,София (столица),Столична
С-56784-003,Национална гимназия за сценични и екранни изкуства - Пловдив,Училищна спортна база,гр. Пловдив,Пловдив,Пловдив
С-68134-135,"Физкултурна зала в 179 ОУ""Васил Левски""",Училищна спортна база,гр. София,София (столица),Столична
С-51980-001,Стадион,Стадион,гр. Стамболийски,Пловдив,Стамболийски
С-51980-007,"Игрище за футбол,използвано като стадион.",Игрище,с. Триводици,Пловдив,Стамболийски
С-56784-002,"Национално училище за музикално и танцово изкуство ""Добрин Петков"" - Пловдив",Училищна спортна база,гр. Пловдив,Пловдив,Пловдив
С-07079-019,"Физкултурен салон към ОУ ""Христо Ботев"" с. Маринка",Училищна спортна база,с. Маринка,Бургас,Бургас
С-07079-017,"Физкултурен салон към ОУ ""Христо Ботев"", с.Черно море.",Училищна спортна база,,Бургас,
С-68134-134,Национален учебен комплекс по културата с Лицей за изучаване на италиански език и култура - София,Зала за обща физическа подготовка,гр. София,София (столица),Столична
С-07079-015,"Физкултурен салон към ОУ ""Кирил и Методий""",Училищна спортна база,с. Равнец,Бургас,Бургас
С-68134-133,Национално училище за танцово изкуство - София,Училищна спортна база,гр. София,София (столица),Столична
С-07079-012,Спортна площадка на Търговска гимназия,Училищна спортна база,гр. Бургас,Бургас,Бургас
С-07079-011,Спортна площадка към ПГМЕЕ,Училищна спортна база,гр. Бургас,Бургас,Бургас
С-68134-131,"Национално училище за изящни изкуства ""Илия Петров"" - София",Училищна спортна база,гр. София,София (столица),Столична
С-68134-099,"Физкултурен салон в 130 СОУ  ""Стефан Караджа""",Училищна спортна база,гр. София,София (столица),Столична
С-68134-130,"Физкултурна зала  76 ОУ ""Св.св.Кирил и Методий""",Училищна спортна база,гр. София,София (столица),Столична
С-10135-017,Конна база-север,Спортна база,гр. Варна,Варна,Варна
С-10135-016,Сграда за модерен петобой,Спортна площадка,гр. Варна,Варна,Варна
С-68134-128,"Национално музикално училище ""Любомир Пипков""- София",Училищна спортна база,гр. София,София (столица),Столична
С-18280-006,Стадион в с. Обручище,Стадион,с. Обручище,Стара Загора,Гълъбово
Т-55021-002,"Хижа ""Соколна""",Туристическа база,с. Габарево,Стара Загора,Павел баня
Т-55021-001,"Хижа ""Русалка""",Туристическа база,с. Тъжа,Стара Загора,Павел баня
С-55021-006,Спортна площадка с. Габарево,Спортна площадка,с. Габарево,Стара Загора,Павел баня
С-55021-005,Игрище с. Габарево,Игрище,с. Габарево,Стара Загора,Павел баня
С-68727-002,СТАДИОН С.СИЛЕН,Стадион,с. Силен,Хасково,Стамболово
С-68134-126,"Физкултурен салон 171 СОУ ""Стоил Попов""",Училищна спортна база,,София град,
С-68727-001,СТАДИОН С.СТАМБОЛОВО,Стадион,с. Стамболово,Хасково,Стамболово
С-18280-002,"Физкултурен салон към СОУ ""Васил Левски""",Училищна спортна база,гр. Гълъбово,Стара Загора,Гълъбово
С-18280-004,"Физкултурен салон към ОУ ""Св. Св. Кирил и Методий""",Училищна спортна база,с. Обручище,Стара Загора,Гълъбово
С-18280-001,"Физкултурен салон към II ОУ ""Христо Ботев""",Училищна спортна база,гр. Гълъбово,Стара Загора,Гълъбово
С-18280-003,"Физкултурен салон към І ОУ ""Паисий Хилендарски""",Училищна спортна база,гр. Гълъбово,Стара Загора,Гълъбово
С-07079-010,"Физкултурен салон към ОУ ""Братя Миладинови""",Училищна спортна база,гр. Бургас,Бургас,Бургас
С-07079-009,"Спортна площадка към ОУ ""Антон Страшимиров""",Училищна спортна база,гр. Бургас,Бургас,Бургас
С-51980-006,Мера за моторни състезания,Писта,с. Йоаким Груево,Пловдив,Стамболийски
С-07079-008,"Игрище в двора на ОУ ""Св. княз Борис І"" гр.Бургас.",Училищна спортна база,гр. Бургас,Бургас,Бургас
С-51980-005,Стадион,Стадион,с. Йоаким Груево,Пловдив,Стамболийски
Т-10135-002,Хижа и бунгала,Туристическа база,гр. Варна,Варна,Варна
С-51980-004,Стадион,Стадион,с. Ново село,Пловдив,Стамболийски
С-51980-003,Стадион,Спортен комплекс,с. Куртово Конаре,Пловдив,Стамболийски
С-51980-002,Комплекс зали за тренировки,Спортен комплекс,гр. Стамболийски,Пловдив,Стамболийски
С-68134-123,"Спортна площадка на ул. ""Батуня""",Спортна площадка,гр. София,София (столица),Столична
С-07079-007,"Спортна площадка към ОУ ""Иван Вазов"", кв. Банево.",Училищна спортна база,,Бургас,
С-68134-122,Спортна площадка зад бл.18,Спортна площадка,гр. София,София (столица),Столична
С-68134-121,"Спортна площадка на ул. ""Витиня""",Спортна площадка,гр. София,София (столица),Столична
С-68134-120,"спортна площадка на ул. ""Ген. Липранди""",Спортна площадка,гр. София,София (столица),Столична
С-68134-119,"Спортна площадка на ул. ""Ангел войвода""",Спортна площадка,гр. София,София (столица),Столична
С-07079-006,"Физкултурен салон към СОУ ""Иван Вазов"" и ПГЕЕ ""Константин Фотинов""",Училищна спортна база,гр. Бургас,Бургас,Бургас
С-68134-118,Спортна площадка до бл. 82,Спортна площадка,гр. София,София (столица),Столична
С-55909-001,Стадион,Стадион,гр. Перущица,Пловдив,Перущица
Т-62671-001,"Еко пътека ""Кръста""",Еко пътека,гр. Рила,Кюстендил,Рила
С-55909-002,Петър Бонев,Училищна спортна база,гр. Перущица,Пловдив,Перущица
С-22006-002,"СОУ ""Неофит Рилски""",Училищна спортна база,гр. Долна баня,София,Долна баня
С-65677-003,Колодрума,Спортен комплекс,гр. Свиленград,Хасково,Свиленград
С-77195-026,"ОУ ""В. Левски"" с. Книжовник",Училищна спортна база,с. Книжовник,Хасково,Хасково
С-41112-022,Спортна площадка,Спортна площадка,гр. Кюстендил,Кюстендил,Кюстендил
С-77195-025,"ОУ ""Хр. Ботев"" с. Д. Големанци",Училищна спортна база,с. Долно Големанци,Хасково,Хасково
С-41112-020,Спортна площадка,Спортна площадка,гр. Кюстендил,Кюстендил,Кюстендил
С-41112-019,Спортна площадка,Спортна площадка,гр. Кюстендил,Кюстендил,Кюстендил
С-41112-021,Многофункционална спортна площадка,Спортна площадка,гр. Кюстендил,Кюстендил,Кюстендил
С-63427-001,"Спортна зала 1 към РУ ""Ангел Кънчев""",Зала за обща физическа подготовка,гр. Русе,Русе,Русе
Т-65231-001,Туристическа база,Ваканционно селище,с. Бели Искър,София,Самоков
С-77195-024,"СОУ ""Св. Паисий Хилендарски""",Училищна спортна база,гр. Хасково,Хасково,Хасково
С-68134-113,спортна площадка на ул.560,Спортна площадка,гр. София,София (столица),Столична
С-77195-023,"ОУ ""Св. Иван Рилски""",Училищна спортна база,гр. Хасково,Хасково,Хасково
С-77195-022,"НУ ""Г. С. Раковски""",Училищна спортна база,гр. Хасково,Хасково,Хасково
С-68134-112,"Спортна площадка ул. ""Поп Груйо""",Спортна площадка,гр. София,София (столица),Столична
С-77195-021,"ОУ ""Христо Ботев""",Училищна спортна база,с. Динево,Хасково,Хасково
С-18366-013,"Основно училище ""Климент Охридски"", село Дебрен",Училищна спортна база,с. Дебрен,Благоевград,Гърмен
Т-48619-002,База за отдих - ВАС,Ваканционно селище,с. Лозенец,Бургас,Царево
С-80501-014,"Физкултурен салон в ОУ ""Отец Паисий"" с. Радомирци",Училищна спортна база,с. Радомирци,Плевен,Червен бряг
С-80501-026,"Физкултурен салон в ПГХТ ""Юрий Гагарин"" гр. Червен бряг",Училищна спортна база,гр. Червен бряг,Плевен,Червен бряг
С-07079-004,"Малък физкултурен салон към СОУ ""Св.св. Кирил и Методий""",Училищна спортна база,гр. Бургас,Бургас,Бургас
С-27382-001,"Основно училище ""Св. св. Кирил и Методий"" гр.Елхово",Училищна спортна база,гр. Елхово,Ямбол,Елхово
С-27382-004,"Основно училище ""Св. Паисий Хилендарски"" гр.Елхово",Училищна спортна база,гр. Елхово,Ямбол,Елхово
С-27382-003,"Спортна база Гимназия ""Св. Климент Охридски"" гр.Елхово",Училищна спортна база,гр. Елхово,Ямбол,Елхово
С-27382-009,Спортна площадка баскетбол,Спортна площадка,гр. Елхово,Ямбол,Елхово
С-77195-020,"СОУ ""Васил Левски""",Училищна спортна база,гр. Хасково,Хасково,Хасково
С-27382-006,Плувен басейн,Басейн,гр. Елхово,Ямбол,Елхово
С-68134-111,"49 ОУ ""Хаджи Димитър""",Училищна спортна база,гр. София,София (столица),Столична
С-80501-012,Стадион в село Бресте,Стадион,с. Бресте,Плевен,Червен бряг
С-40525-001,"Спортен терен, детска площадка и озеленяване",Спортна площадка,гр. Кула,Видин,Кула
С-77195-019,"ОУ ""НИКОЛА Й. ВАПЦАРОВ""",Училищна спортна база,гр. Хасково,Хасково,Хасково
С-68134-110,"Физкултурен салон в 106 ОУ ""Григорий Цамблак""",Училищна спортна база,гр. София,София (столица),Столична
С-27382-005,Салон за борба,Спортен салон,гр. Елхово,Ямбол,Елхово
С-80501-019,"Физкултурен салон в ОУ ""Алеко Константинов"" гр. Червен бряг",Училищна спортна база,гр. Червен бряг,Плевен,Червен бряг
С-80501-022,"Физкултурен салон в ОУ ""Христо Ботев"" с. Глава",Училищна спортна база,с. Глава,Плевен,Червен бряг
С-80501-025,"Физкултурен салон в ОУ ""Христо Ботев"" с.Рупци",Училищна спортна база,с. Рупци,Плевен,Червен бряг
С-39921-004,"Стадион ""Христо Ботев""",Стадион,гр. Кричим,Пловдив,Кричим
С-80501-024,"Физкултурен салон в ОУ ""Христо Ботев"" с.Чомаковци",Училищна спортна база,с. Чомаковци,Плевен,Червен бряг
С-80501-023,"Физкултурен салон в ОУ ""Отец Паисий"" с.Реселец",Училищна спортна база,с. Реселец,Плевен,Червен бряг
С-07079-002,"Физкултурен салон към НУ ""Д-р Петър Берон"" с. Рудник,",Училищна спортна база,,Бургас,
С-80501-021,"Физкултурен салон в ТГ ""Васил Априлов"" гр. Червен бряг",Училищна спортна база,гр. Червен бряг,Плевен,Червен бряг
С-39921-003,"НУ ""СВ.СВ.КИРИЛ И МЕТОДИЙ""",Спортна база,гр. Кричим,Пловдив,Кричим
С-81414-004,"Физкултурен салон на ОУ ""Св.св. Кирили и Методий""",Училищна спортна база,гр. Чирпан,Стара Загора,Чирпан
С-39921-002,"НУ ""ВАСИЛ ЛЕВСКИ""",Спортна зала,гр. Кричим,Пловдив,Кричим
С-81414-003,"Физкултурен салон на ОУ ""Васил Левски""",Училищна спортна база,гр. Чирпан,Стара Загора,Чирпан
С-81414-002,"Физкултурен салон на СОУ ""П. К. Яворов""",Училищна спортна база,гр. Чирпан,Стара Загора,Чирпан
С-67338-001,Физкултурен салон в сградата на училището при Затвора - Сливен,Училищна спортна база,гр. Сливен,Сливен,Сливен
С-80501-020,"Физкултурен салон в ОУ ""Христо Смирненски"" гр. Червен бряг",Училищна спортна база,гр. Червен бряг,Плевен,Червен бряг
С-80501-018,Стадион в с. Ракита,Стадион,с. Ракита,Плевен,Червен бряг
С-80501-017,Стадион в с. Радомирци,Стадион,с. Радомирци,Плевен,Червен бряг
С-80501-016,Стадион в с. Реселец,Стадион,с. Реселец,Плевен,Червен бряг
С-80501-006,Стадион в село Чомаковци,Стадион,,Плевен,
С-80501-007,Стадион в село Сухаче,Стадион,с. Сухаче,Плевен,Червен бряг
С-80501-011,Спортен комплекс,Спортен комплекс,с. Рупци,Плевен,Червен бряг
Т-55155-001,Учебна база - ПРБ,Ваканционно селище,,Пазарджик,
С-80501-008,Стадион в село Лепица,Стадион,с. Лепица,Плевен,Червен бряг
С-80501-004,Стадион в село Девенци,Стадион,с. Девенци,Плевен,Червен бряг
С-80501-009,Стадион в село Горник,Стадион,с. Горник,Плевен,Червен бряг
С-80501-005,Стадион в село Глава,Стадион,с. Глава,Плевен,Червен бряг
С-80501-003,Стадион с лекоатлетическа писта,Спортен комплекс,гр. Койнаре,Плевен,Червен бряг
С-80501-010,Футболно игрище,Спортен комплекс,с. Телиш,Плевен,Червен бряг
С-80501-015,"Физкултурен салон в СОУ ""Д-р Петър Берон"" гр. Червен бряг - ІІ база",Училищна спортна база,гр. Червен бряг,Плевен,Червен бряг
С-70247-003,Стадион,Стадион,с. Лозарево,Бургас,Сунгурларе
С-10135-009,"Учебно спортен комплекс ВВМУ ""Н. Й. Вапцаров""",Училищна спортна база,гр. Варна,Варна,Варна
С-43952-013,Тенис корт,Игрище,гр. Ловеч,Ловеч,Ловеч
С-68134-105,Стадион в кв. Горубляне,Стадион,гр. София,София (столица),Столична
С-69835-001,"Физкултурен салон към СОУ ""Св.св.Кирил и Методий""",Училищна спортна база,гр. Стрелча,Пазарджик,Стрелча
С-70247-002,Спортен терен,Стадион,с. Манолич,Бургас,Сунгурларе
С-68134-104,Многофункционална спортна площадка с направление хокей на трева,Спортна площадка,гр. София,София (столица),Столична
С-30065-011,Физкултурен салон,Училищна спортна база,с. Сушево,Разград,Завет
С-80323-001,Физкултурен салон,Училищна спортна база,с. Челопеч,София,Челопеч
С-70247-001,Спортен терен,Спортна база,с. Подвис,Бургас,Сунгурларе
С-68134-101,Спортна площадка - профилирана за футбол,Спортна площадка,гр. София,София (столица),Столична
С-30065-010,Физкултурен салон,Училищна спортна база,с. Веселец,Разград,Завет
Т-68134-002,"Почивна и учебна база ""Трендафила""",Ваканционно селище,гр. София,София (столица),Столична
Т-07598-001,"Почивна и учебна база ""Изгpев""",Туристическа база,,Варна,
Т-10135-001,Почивна база - ПРБ,Ваканционно селище,гр. Варна,Варна,Варна
С-36587-011,"СОУ "" П. Волов"" гр. Каспичан",Училищна спортна база,гр. Каспичан,Шумен,Каспичан
С-39921-001,"СОУ ""П.Р.СЛАВЕЙКОВ""",Спортен салон,гр. Кричим,Пловдив,Кричим
С-77058-004,"Стадион ""Бистрица""",Стадион,с. Абланица,Благоевград,Хаджидимово
С-36587-010,"ОУ "" П. Хилендарски""  гр. Плиска",Училищна спортна база,гр. Плиска,Шумен,Каспичан
С-77058-006,Стадион с. Петрелик,Стадион,с. Петрелик,Благоевград,Хаджидимово
С-77058-005,Стадион с. Садово,Стадион,с. Садово,Благоевград,Хаджидимово
С-61710-007,Игрище за тенис,Игрище,гр. Разград,Разград,Разград
С-30065-009,Спортна площадка,Училищна спортна база,с. Острово,Разград,Завет
С-40097-008,Спортен терен с. Лозенец,Игрище,с. Лозенец,Добрич,Крушари
С-73198-001,ПЛУВЕН БАСЕЙН,Басейн,,Ловеч,
С-40097-007,Спортен терен с. Ефрейтор Бакалово,Игрище,с. Ефрейтор Бакалово,Добрич,Крушари
С-68134-096,"Физкултурен салон в 95 СОУ  ""Проф.Иван Шишманов""",Училищна спортна база,гр. София,София (столица),Столична
С-72343-008,Стадион,Спортен комплекс,с. Голям извор,Ловеч,Тетевен
С-00182-003,Физкултурно игрище,Игрище,с. Ботево,Варна,Аксаково
С-39970-005,Открита спортна площадка към училище,Спортна площадка,гр. Крумовград,Кърджали,Крумовград
С-00182-002,Спортен терен,Стадион,гр. Игнатиево,Варна,Аксаково
С-39970-004,Открити спортни площадки към училище,Спортна площадка,гр. Крумовград,Кърджали,Крумовград
С-77058-003,"Стадион ""Граничар""",Стадион,с. Копривлен,Благоевград,Хаджидимово
С-40097-006,Стадион с. Коритен,Стадион,с. Коритен,Добрич,Крушари
С-68134-094,Игрище за петанк пред бл.2,Спортна площадка,гр. София,София (столица),Столична
С-39970-003,Спортна зала към СОУ - среден и горен етап,Спортна зала,гр. Крумовград,Кърджали,Крумовград
С-39970-002,Спортна зала към СОУ - начален етап,Спортна зала,гр. Крумовград,Кърджали,Крумовград
С-39970-001,Градски стадион с асфалтова лекоатлетическа писта,Стадион,гр. Крумовград,Кърджали,Крумовград
С-40097-005,Стадион с. Крушари,Стадион,с. Крушари,Добрич,Крушари
С-30065-008,Физкултурен салон,Училищна спортна база,с. Брестовене,Разград,Завет
С-68134-092,Спортна площадка срещу бл.41,Спортна площадка,гр. София,София (столица),Столична
С-40097-004,спортна площадка,Училищна спортна база,с. Крушари,Добрич,Крушари
С-68134-091,Спортна площадка пред бл.2,Спортна площадка,гр. София,София (столица),Столична
С-61710-006,Стрелбище за стрелба с лък,Спортна база,гр. Разград,Разград,Разград
С-68134-089,спортна площадка зад бл.29,Спортна площадка,гр. София,София (столица),Столична
Т-65365-001,Почивна база - ВКС,Ваканционно селище,с. Паничище,Кюстендил,Сапарева баня
С-30065-007,Физкултурен салон,Училищна спортна база,гр. Завет,Разград,Завет
С-81757-004,Волейболно игрище,Спортна площадка,с. Горни Лом,Видин,Чупрене
С-81757-003,Комбинирани спортни площадки,Спортна площадка,с. Чупрене,Видин,Чупрене
Т-48619-001,Почивна и учебна база - ВКС,Ваканционно селище,с. Лозенец,Бургас,Царево
С-48043-003,Стадион с.Липница,Стадион,с. Липница,Враца,Мизия
С-48043-002,"Спортна площадка в ОУ ""Цанко Церковски"", гр.Мизия",Спортна площадка,гр. Мизия,Враца,Мизия
С-81757-001,волейболно игрище,Игрище,с. Долни Лом,Видин,Чупрене
С-81757-002,Футболно игрище,Игрище,с. Горни Лом,Видин,Чупрене
С-20746-002,"спортна зала СОУ ""Христо Ботев""",Спортна зала,гр. Джебел,Кърджали,Джебел
С-68134-087,"119 СОУ ""Академик Михаил Арнаудов"" І София",Училищна спортна база,гр. София,София (столица),Столична
С-20746-001,"стадион ""Джебел""",Стадион,гр. Джебел,Кърджали,Джебел
С-48043-001,Стадион с.Софрониево,Стадион,,Враца,
С-10447-033,Футболни игрища,Игрище,,Велико Търново,
С-10447-032,Волейболни игрища,Игрище,гр. Велико Търново,Велико Търново,Велико Търново
С-10447-031,Баскетболни игрища,Игрище,гр. Велико Търново,Велико Търново,Велико Търново
С-10447-030,Плувен басейн,Басейн,гр. Велико Търново,Велико Търново,Велико Търново
С-10447-029,Плувен засейн,Плувен комплекс,,Велико Търново,
С-10447-028,Писта за спринт 100м с два трапа за дълъг скок,Писта,гр. Велико Търново,Велико Търново,Велико Търново
С-10447-027,Полигон за ръкопашен бой,Спортна база,гр. Велико Търново,Велико Търново,Велико Търново
С-10447-026,Единни пътеки с препядствия,Полигон,гр. Велико Търново,Велико Търново,Велико Търново
С-10447-025,Гимнастически площадки,Спортна площадка,гр. Велико Търново,Велико Търново,Велико Търново
С-10447-024,Футболен стадион,Стадион,гр. Велико Търново,Велико Търново,Велико Търново
С-18366-010,"СОУ ""Св. св. Кирил и Методий"", село Гърмен",Училищна спортна база,с. Гърмен,Благоевград,Гърмен
С-18366-012,"Основно училище ""Димитър Талев"", село Хвостяне",Училищна спортна база,с. Хвостяне,Благоевград,Гърмен
С-18366-011,"СОУ ""Йордан Йовков"", село Рибново",Училищна спортна база,с. Рибново,Благоевград,Гърмен
С-18366-016,"Основно училище ""Св. Паисий Хилендарски"", село Горно Дряново",Училищна спортна база,с. Горно Дряново,Благоевград,Гърмен
С-18366-015,"Основно училище ""Христо Ботев"", село Дъбница",Училищна спортна база,с. Дъбница,Благоевград,Гърмен
С-18366-014,"Основно училище ""Христо Ботев"", село Долно Дряново",Училищна спортна база,с. Долно Дряново,Благоевград,Гърмен
С-51809-028,ОУ ХРИСТО СМИРНЕНСКИ,Училищна спортна база,гр. Нова Загора,Сливен,Нова Загора
С-05236-003,"Фитнес зала - ПД ""Бойчиновци""",Фитнес зала,гр. Бойчиновци,Монтана,Бойчиновци
С-05236-002,"Плувен басейн - Поправителен дом ""Бойчиновци""",Басейн,гр. Бойчиновци,Монтана,Бойчиновци
С-40097-003,Физкултурен салон,Училищна спортна база,с. Крушари,Добрич,Крушари
С-43952-011,"СОУ ""Тодор Кирков""",Училищна спортна база,гр. Ловеч,Ловеч,Ловеч
С-43952-012,Мини футболно игрище,Игрище,гр. Ловеч,Ловеч,Ловеч
С-03719-006,"ПГ ""Св. Димитър Солунски""",Училищна спортна база,гр. Белослав,Варна,Белослав
С-03719-005,Стадион,Стадион,с. Разделна,Варна,Белослав
С-03719-004,"ОУ Св. Св. Кирил и Методий""",Училищна спортна база,с. Езерово,Варна,Белослав
С-03719-003,Стадион,Спортна база,гр. Белослав,Варна,Белослав
С-2211-001,"Спортен салон към ВСУ ""Любен Каравелов""",Училищна спортна база,гр. София,София (столица),Столична
С-18366-009,"Основно училище ""Пейо Крачолов Яворов"", село Огняново",Училищна спортна база,с. Огняново,Благоевград,Гърмен
С-03719-002,Физкултурен салон,Училищна спортна база,гр. Белослав,Варна,Белослав
С-03719-001,Физкултурен салон,Училищна спортна база,гр. Белослав,Варна,Белослав
С-12543-002,Футболно игрище,Стадион,с. Златия,Монтана,Вълчедръм
С-12543-001,Стадион-с.Септемврийци,Стадион,с. Септемврийци,Монтана,Вълчедръм
С-68134-079,"175 ОУ ""Васил Левски"" - с. Мрамор, район ""Връбница""",Училищна спортна база,гр. София,София (столица),Столична
С-43952-010,"Основно училище ""Васил Левски""",Училищна спортна база,гр. Ловеч,Ловеч,Ловеч
С-68134-078,"146 ОУ ""Патриарх Евтимий""",Училищна спортна база,гр. София,София (столица),Столична
С-22407-004,"Основно училище ""Св. Св. Кирил и Методий""",Училищна спортна база,с. Крушовица,Плевен,Долни Дъбник
С-43952-009,Природо-математическа гимназия,Училищна спортна база,гр. Ловеч,Ловеч,Ловеч
С-68134-077,"140 СОУ ""Иван Богоров"" - София",Училищна спортна база,гр. София,София (столица),Столична
С-06207-006,Физкултурен салон на Строителен техникум ПГСА гр.Брацигово,Училищна спортна база,гр. Брацигово,Пазарджик,Брацигово
С-06207-009,"Физкултурен салон на Основно училище ""Васил Петлешков""",Училищна спортна база,гр. Брацигово,Пазарджик,Брацигово
С-06207-008,"Физкултурен салон на  училище ""Христо Ботев""",Училищна спортна база,с. Исперихово,Пазарджик,Брацигово
С-69660-002,Футболно игрище и открит плувен басейн,Игрище,с. Зимница,Ямбол,Стралджа
С-69660-001,Стадион,Стадион,гр. Стралджа,Ямбол,Стралджа
С-68134-075,"Стадион - с. Кубратово, район Нови Искър",Стадион,гр. София,София (столица),Столична
С-40097-001,физкултурен салон,Училищна спортна база,с. Коритен,Добрич,Крушари
С-40097-002,Физкултурен салон,Училищна спортна база,с. Телериг,Добрич,Крушари
С-68134-071,"Стадион - с. Житен, район Нови Искър",Стадион,гр. София,София (столица),Столична
С-68134-070,Футболен терен - с. Негован,Игрище,гр. София,София (столица),Столична
С-68134-067,Спортно игрище в с. Войняговци,Стадион,,София град,
С-30065-006,Спортен терен,Игрище,с. Прелез,Разград,Завет
С-2222-001,Волейболно и баскетболно игрище - кв. Сеславци,Игрище,гр. София,София (столица),Столична
С-68134-064,Многофункционална спортна зала- кв.Челопечене,Спортна зала,гр. София,София (столица),Столична
С-30065-005,Спортен комплекс,Игрище,с. Сушево,Разград,Завет
С-75054-005,"Основно училище""Христо Ботев"" с.Кирчево",Административна сграда,с. Кирчево,Ловеч,Угърчин
С-30065-004,Стадион,Стадион,с. Веселец,Разград,Завет
С-75054-004,"Основно училище""П.Хилендарски"" с.Лесидрен",Административна сграда,с. Лесидрен,Ловеч,Угърчин
С-75054-003,"СОУ""Св. Св. Кирил и методий""",Училищна спортна база,гр. Угърчин,Ловеч,Угърчин
С-67372-006,Спортна площадка,Спортна площадка,с. Алдомировци,София,Сливница
С-68134-059,"74 СОУ ""Гоце Делчев""",Училищна спортна база,гр. София,София (столица),Столична
С-56722-014,Плувен басейн,Плувен комплекс,гр. Плевен,Плевен,Плевен
С-77058-002,Тренировъчно игрище,Игрище,гр. Хаджидимово,Благоевград,Хаджидимово
С-06207-007,Физкултурен салон на СОУ Народни будители,Училищна спортна база,гр. Брацигово,Пазарджик,Брацигово
С-67372-004,Футболно игрище,Стадион,с. Алдомировци,София,Сливница
С-77195-018,"ОУ ""Св. Св. Кирил и Методий"" с. Конуш",Училищна спортна база,с. Конуш,Хасково,Хасково
Т-52218-007,"ХИЖА ""ТЪЖА""",Туристическа база,гр. Априлци,Ловеч,Априлци
Т-72343-010,"ЗАСЛОН ""АКАДЕМИК""",Туристическа база,с. Рибарица,Ловеч,Тетевен
Т-73198-008,"ХИЖА ""КОЗЯ СТЕНА""",Туристическа база,с. Чифлик,Ловеч,Троян
С-73273-002,Градски стадион-гр. Трън,Стадион,гр. Трън,Перник,Трън
С-69633-013,Зала за обща физичска подготовка,Зала за обща физическа подготовка,с. Кесарево,Велико Търново,Стражица
С-69633-006,Спортна площадка,Спортна площадка,с. Сушица,Велико Търново,Стражица
С-77195-017,"ОУ ""Л. Каравелов""",Училищна спортна база,гр. Хасково,Хасково,Хасково
С-67372-002,Спортна площадка,Спортна площадка,гр. Сливница,София,Сливница
С-56722-015,Спортна сграда с административна част,Спортна зала,гр. Плевен,Плевен,Плевен
С-30065-003,Спортна база,Спортна зала,с. Острово,Разград,Завет
С-04501-007,"Физкултурен салон към училище ""Н. Вапцаров""",Училищна спортна база,гр. Бобов дол,Кюстендил,Бобов дол
С-04501-006,"Физкултурен салон към ЕСПУ ""Хр. Ботев""",Училищна спортна база,гр. Бобов дол,Кюстендил,Бобов дол
С-68134-055,"61 ОУ ""Св.св. Кирил и Методий""",Училищна спортна база,гр. София,София (столица),Столична
С-30065-002,Спортен терен,Игрище,с. Брестовене,Разград,Завет
С-00702-034,"Помощно училище ""Св.Архангел Михаил"" - Асеновград",Училищна спортна база,гр. Асеновград,Пловдив,Асеновград
С-30065-001,Стадион,Спортен комплекс,гр. Завет,Разград,Завет
С-16359-020,Стадион в с.Първомайци,Стадион,с. Първомайци,Велико Търново,Горна Оряховица
С-16359-019,Стадион в с.Правда,Стадион,с. Правда,Велико Търново,Горна Оряховица
С-68134-035,Спортна площадка - кв.Хиподрума,Спортна площадка,гр. София,София (столица),Столична
Т-68134-001,"Алея на здравето в ""Западен парк""",Еко пътека,гр. София,София (столица),Столична
С-47278-004,"НУ ""ОТЕЦ ПАИСИЙ""",Училищна спортна база,гр. Симеоновград,Хасково,Симеоновград
С-40909-003,"Спортна площадка ""Арена""",Спортна площадка,гр. Кърджали,Кърджали,Кърджали
С-68134-044,"92 ОУ ""Димитър Талев""- София",Училищна спортна база,гр. София,София (столица),Столична
С-47278-003,"СОУ ''СВЕТИ КЛИМЕНТ ОХРИДСКИ""",Училищна спортна база,гр. Симеоновград,Хасково,Симеоновград
С-68134-040,"57 СУ ""Наум Охридски"" - спортно училище  и 147 ОУ ""Йордан Радичков""",Училищна спортна база,гр. София,София (столица),Столична
С-68134-039,"28 СОУ ""Алеко  Константинов""-София",Училищна спортна база,гр. София,София (столица),Столична
С-47278-002,"Стадион"" Христо Ботев""",Стадион,гр. Симеоновград,Хасково,Симеоновград
С-47278-001,младежки спортен център,Спортна база,гр. Симеоновград,Хасково,Симеоновград
С-06207-010,"Физкултурен салон на учелеще ""Христо Ботев""",Училищна спортна база,с. Бяга,Пазарджик,Брацигово
С-68134-054,"Физкултурен салон в ЦДГ 3 ""Детелина""",Училищна спортна база,с. Казичене,София (столица),Столична
С-36587-008,Стадион - с. Златна нива,Стадион,с. Златна нива,Шумен,Каспичан
С-36587-007,Стадион - с. Могила,Стадион,с. Могила,Шумен,Каспичан
С-68134-052,Плувен басейн в с. Пасарел,Училищна спортна база,,София град,
С-36587-006,Стадион - с. Марково,Стадион,с. Марково,Шумен,Каспичан
С-06361-008,"Физкултурен салон - НУ""Св.Св.Кирил и Методий"" с.Стрелци",Училищна спортна база,с. Стрелци,Пловдив,Брезово
С-36587-005,Стадион - с. Кюлевча,Стадион,с. Кюлевча,Шумен,Каспичан
С-06361-006,"Физкултурен салон - НУ""Св.Св.Кирил и Методий"" с.Борец",Училищна спортна база,с. Борец,Пловдив,Брезово
С-36587-004,Спортна площадка - гр. Плиска,Спортна площадка,гр. Плиска,Шумен,Каспичан
С-36587-003,Стадион - гр. Плиска,Стадион,гр. Плиска,Шумен,Каспичан
С-06361-007,"Физкултурен салон прогимназия ""Отец Паисий"" с.Пъдарско",Училищна спортна база,с. Пъдарско,Пловдив,Брезово
С-06361-003,"Стадион""Стрелци""",Стадион,с. Стрелци,Пловдив,Брезово
С-06361-002,"Стадион""Борец""",Стадион,с. Борец,Пловдив,Брезово
С-06361-001,"СТАДИОН  ""СРЕДНОГОРЕЦ""",Стадион,гр. Брезово,Пловдив,Брезово
С-06361-004,"Стадион ""СОКОЛ""",Стадион,с. Пъдарско,Пловдив,Брезово
С-36587-002,"Стадион ""Локомотив""",Стадион,с. Каспичан,Шумен,Каспичан
С-06207-004,Имот отреден за лека атлетика и футбол,Стадион,с. Исперихово,Пазарджик,Брацигово
С-69633-017,Спортна площадка,Спортна площадка,с. Кесарево,Велико Търново,Стражица
С-68134-050,"Спортна площадка - район Красно село, кв. Лагера",Спортна площадка,гр. София,София (столица),Столична
С-22407-003,"Основно училище ""Св. Св. Кирил и Методий""",Училищна спортна база,с. Горни Дъбник,Плевен,Долни Дъбник
С-68134-049,Футболно и баскетболно игрище,Игрище,гр. София,София (столица),Столична
С-22407-002,"СОУ ""Христо Ботев""",Училищна спортна база,гр. Долни Дъбник,Плевен,Долни Дъбник
С-22407-001,"Начално училище ""Св. Св. Кирил и Методий""",Училищна спортна база,гр. Долни Дъбник,Плевен,Долни Дъбник
С-00702-008,спортно игрище -с.Избегли,Игрище,,Пловдив,
С-00702-009,Спортна база - футболно игрище с лекоатлетическа писта - кв.Долни Воден,Спортна база,,Пловдив,
С-00702-010,"футболно игрище - ПЗ""Изток""-Асеновград",Игрище,гр. Асеновград,Пловдив,Асеновград
С-75054-002,Стадион и битова сграда-Угърчин,Стадион,гр. Угърчин,Ловеч,Угърчин
С-00702-011,"Многофункционална зала ""Асеновец""",Спортна зала,гр. Асеновград,Пловдив,Асеновград
С-00702-012,"Градски стадион ""Шипка""",Стадион,гр. Асеновград,Пловдив,Асеновград
С-00702-013,"Гребна база - жк ""Юг""",Спортна база,гр. Асеновград,Пловдив,Асеновград
С-00702-014,Зала за художествена гимнастика /недействаща/,Спортна зала,гр. Асеновград,Пловдив,Асеновград
С-00702-020,спортен терен - кв.Горни Воден,Стадион,,Пловдив,
С-00702-004,стадион - с.Тополово,Игрище,с. Тополово,Пловдив,Асеновград
С-00702-019,спортно игрище-с.Златовръх,Игрище,с. Златовръх,Пловдив,Асеновград
С-00702-005,спортна площадка,Спортна площадка,гр. Асеновград,Пловдив,Асеновград
С-00702-018,спортна зала-с.Тополово/незавършена/,Спортна база,с. Тополово,Пловдив,Асеновград
С-00702-016,"Спортна зала ""Иван Веселинов""",Спортна зала,гр. Асеновград,Пловдив,Асеновград
С-00702-003,спортен терен - с.Патриарх Евтимово,Игрище,с. Патриарх Евтимово,Пловдив,Асеновград
С-00702-017,плувен комплекс,Плувен комплекс,гр. Асеновград,Пловдив,Асеновград
С-00702-006,квартална спортна площадка,Спортна площадка,гр. Асеновград,Пловдив,Асеновград
С-00702-007,квартална спортна и детска площадка,Спортна площадка,гр. Асеновград,Пловдив,Асеновград
С-69633-015,Стадион,Стадион,с. Сушица,Велико Търново,Стражица
С-03366-002,"Спортна зала в корпус ""В""",Спортна зала,гр. Белене,Плевен,Белене
С-06207-002,Спортна зала,Спортна зала,с. Бяга,Пазарджик,Брацигово
С-51809-027,"Физкултурен салон- ПОМОЩНО УЧИЛИЩЕ ""АК. ТОДОР САМОДУМОВ""",Училищна спортна база,гр. Нова Загора,Сливен,Нова Загора
С-06207-001,Спортна база и сграда,Стадион,с. Козарско,Пазарджик,Брацигово
Т-44327-001,"""НАЦИОНАЛЕН ПЕЩЕРЕН ДОМ""",Туристическа база,с. Карлуково,Ловеч,Луковит
С-51809-026,ФИЗК. САЛОН ПГСС НОВА ЗАГОРА,Училищна спортна база,гр. Нова Загора,Сливен,Нова Загора
С-06207-005,спортен терен,Стадион,с. Бяга,Пазарджик,Брацигово
Т-73198-007,"ЗАСЛОН ""ОРЛОВО ГНЕЗДО""",Туристическа база,с. Черни Осъм,Ловеч,Троян
С-69633-009,Стадион,Стадион,с. Лозен,Велико Търново,Стражица
Т-73198-006,"ХИЖА ""ДЕРМЕНКА""",Туристическа база,с. Черни Осъм,Ловеч,Троян
С-69633-005,Стадион,Стадион,с. Камен,Велико Търново,Стражица
Т-73198-005,"ХИЖА ""ХАЙДУШКА ПЕСЕН""",Туристическа база,с. Чифлик,Ловеч,Троян
Т-73198-004,"БАЗА ""ЛЕСКОВ ДОЛ""",Туристическа база,с. Чифлик,Ловеч,Троян
Т-73198-003,"ХИЖА ""АМБАРИЦА""",Туристическа база,с. Черни Осъм,Ловеч,Троян
Т-73198-002,СПОРТНА БАЗА ПО ОРИЕНТИРАНЕ,Туристическа база,гр. Троян,Ловеч,Троян
С-69633-002,Спортен комплекс,Спортен комплекс,гр. Стражица,Велико Търново,Стражица
С-43952-008,"СОУ ""Св.Климент Охридски""",Училищна спортна база,гр. Ловеч,Ловеч,Ловеч
Т-73198-001,"ТУРИСТИЧЕСКИ ДОМ ""НИКОЛА ГАБЪРСКИ""",Туристическа база,гр. Троян,Ловеч,Троян
С-68134-037,"Спортна площадка - жк ""Бели Брези, кв.43",Спортна площадка,гр. София,София (столица),Столична
Т-72343-009,"ТУРИСТИЧЕСКА ХИЖА ""ЕХО""",Туристическа база,с. Рибарица,Ловеч,Тетевен
Т-72343-008,"ПОЧИВЕН ДОМ ""ЗДРАВЕЦ""",Туристическа база,гр. Тетевен,Ловеч,Тетевен
С-40909-005,Картинг писта,Писта,гр. Кърджали,Кърджали,Кърджали
Т-72343-007,ПОЧИВНО-ОЗДРАВИТЕЛНА СТАНЦИЯ,Туристическа база,с. Рибарица,Ловеч,Тетевен
Т-72343-006,ПОЧИВЕН КОМПЛЕКС,Туристическа база,с. Рибарица,Ловеч,Тетевен
С-73626-001,Спортен комплекс,Спортен комплекс,гр. Търговище,Търговище,Търговище
С-51809-025,"ФИЗК. САЛОН - ПГТТ ""АТАНАС ДИМИТРОВ""",Училищна спортна база,гр. Нова Загора,Сливен,Нова Загора
С-51809-001,СПОРТНА ПЛОЩАДКА - НОВА ЗАГОРА,Игрище,гр. Нова Загора,Сливен,Нова Загора
Т-72343-005,"ХИЖА ""МОМИНА ПОЛЯНА""",Туристическа база,с. Дивчовото,Ловеч,Тетевен
Т-72343-004,"ТУРИСТИЧЕСКА СПАЛНЯ ""КОЗНИЦА"" - блок № 3",Туристическа база,гр. Тетевен,Ловеч,Тетевен
Т-72343-003,"ТУРИСТИЧЕСКА СПАЛНЯ ""КОЗНИЦА"" - блок № 2",Туристическа база,гр. Тетевен,Ловеч,Тетевен
Т-72343-002,"ТУРИСТИЧЕСКА ХИЖА ""БЕНКОВСКИ""",Туристическа база,с. Рибарица,Ловеч,Тетевен
С-69835-003,ФУТБОЛЕН СТАДИОН,Спортен комплекс,гр. Стрелча,Пазарджик,Стрелча
С-00702-015,Баскетболна площадка,Спортна площадка,гр. Асеновград,Пловдив,Асеновград
Т-72343-001,"Хижа ""ВЕЖЕН""",Туристическа база,с. Рибарица,Ловеч,Тетевен
Т-52218-006,ДИВЕЧОВЪДНА СТАНЦИЯ - КАНТОН БЪЗОВ ДЯЛ № 2,Туристическа база,гр. Априлци,Ловеч,Априлци
Т-52218-005,ДИВЕЧОВЪДНА СТАНЦИЯ - КАНТОН БЪЗОВ ДЯЛ № 1,Туристическа база,гр. Априлци,Ловеч,Априлци
С-43952-007,"Физкултурен салон- ОУ ""Св. Св. Кирил и Методий""",Училищна спортна база,гр. Ловеч,Ловеч,Ловеч
С-16359-018,Стадион в с.Поликрайще,Стадион,,Велико Търново,
С-16359-017,Баскетболно игрище,Спортна площадка,,Велико Търново,
С-16359-016,Стадион в с. Драганово,Стадион,с. Драганово,Велико Търново,Горна Оряховица
Т-16359-002,"Хижа ""Раховец"" град Горна Оряховица",Туристическа база,гр. Горна Оряховица,Велико Търново,Горна Оряховица
Т-16359-001,"Хижа ""Божур"" град Горна Оряховица",Туристическа база,гр. Горна Оряховица,Велико Търново,Горна Оряховица
С-16359-015,"Стадион ""Локомотив"" - град Горна Оряховица",Стадион,гр. Горна Оряховица,Велико Търново,Горна Оряховица
С-16359-014,Зала за акробатика,Спортна зала,гр. Горна Оряховица,Велико Търново,Горна Оряховица
С-03366-003,"Стадион ""Гигант""",Спортен комплекс,гр. Белене,Плевен,Белене
Т-52218-004,ПОЧИВНА СТАНЦИЯ,Туристическа база,гр. Априлци,Ловеч,Априлци
С-43952-006,"Гимназия за чужди езици ""Екзарх Йосиф І""",Училищна спортна база,гр. Ловеч,Ловеч,Ловеч
Т-52218-002,"ХИЖА ""ПЛЕВЕН""",Туристическа база,гр. Априлци,Ловеч,Априлци
Т-52218-001,"ХИЖА ""ЗОРА""",Туристическа база,гр. Априлци,Ловеч,Априлци
Т-52218-003,ЛОВЕН ДОМ,Туристическа база,гр. Априлци,Ловеч,Априлци
С-27632-007,"СОУ ""ХРИСТО ЯСЕНОВ""",Училищна спортна база,гр. Етрополе,София,Етрополе
С-69835-002,физкултурен салон,Зала за обща физическа подготовка,гр. Стрелча,Пазарджик,Стрелча
С-18366-002,Спортен терен село Дъбница,Игрище,с. Дъбница,Благоевград,Гърмен
С-43952-005,"Основно училище ""Васил Левски""",Училищна спортна база,с. Малиново,Ловеч,Ловеч
С-68134-012,Стадион с. Герман,Стадион,,София град,
С-51809-024,ПЛОЩАДКА С УРЕДИ ЗА УЛИЧЕН ФИТНЕС - НОВА ЗАГОРА,Спортна площадка,гр. Нова Загора,Сливен,Нова Загора
С-51809-023,ПЛОЩАДКА С УРЕДИ ЗА УЛИЧЕН ФИТНЕС - НОВА ЗАГОРА,Спортна площадка,гр. Нова Загора,Сливен,Нова Загора
С-51809-022,ФУТБОЛНО ИГРИЩЕ - С. МЛЕКАРЕВО,Игрище,с. Млекарево,Сливен,Нова Загора
С-77195-014,"ОУ ""Св. Св. Кирил и Методий""",Училищна спортна база,гр. Хасково,Хасково,Хасково
С-43952-003,"СОУ ""Св.Св. Кирил и Методий""- Физкултурен салон",Училищна спортна база,с. Александрово,Ловеч,Ловеч
С-43952-004,"Основно училище""проф. Димитър Димов""",Училищна спортна база,гр. Ловеч,Ловеч,Ловеч
С-51809-009,СПОРТНА ПЛОЩАДКА - ОУ С. СЪДИЕВО,Училищна спортна база,с. Съдиево,Сливен,Нова Загора
С-51809-021,ФУТБОЛНО ИГРИЩЕ - Ж.К. ЗАГОРЕ ГР. НОВА ЗАГОРА,Игрище,гр. Нова Загора,Сливен,Нова Загора
С-51809-020,ГРАДСКИ СТАДИОН - НОВА ЗАГОРА,Стадион,гр. Нова Загора,Сливен,Нова Загора
С-51809-019,СПОРТНА ПЛОЩАДКА - ДОМ ЗА ДЕЦА И ЮНОШИ С. АСЕНОВЕЦ,Спортна площадка,с. Асеновец,Сливен,Нова Загора
С-06361-005,"Плувен басейн в СОУ""Христо Смирненски""",Училищна спортна база,гр. Брезово,Пловдив,Брезово
С-51809-018,СПОРТНА ПЛОЩАДКА - ОУ С. БАНЯ,Училищна спортна база,с. Баня,Сливен,Нова Загора
С-51809-017,Физкултурен салон - НУ СВ. СВ. КИРИЛ И МЕТОДИЙ - С. БОГДАНОВО,Училищна спортна база,с. Богданово,Сливен,Нова Загора
С-51809-016,СПОРТНА ПЛОЩАДКА - С. КАМЕНОВО,Спортна площадка,с. Каменово,Сливен,Нова Загора
С-18366-003,Спортен терен село Ореше,Игрище,с. Ореше,Благоевград,Гърмен
С-18366-006,Спортен терен село Долно Дряново,Игрище,с. Долно Дряново,Благоевград,Гърмен
С-51809-015,Физкултурен салон - ОУ С. КАРАНОВО,Училищна спортна база,с. Караново,Сливен,Нова Загора
С-18366-007,Футболен стадион село Гърмен,Стадион,с. Гърмен,Благоевград,Гърмен
С-51809-014,СПОРТНА ПЛОЩАДКА - ОУ С. КОНЬОВО,Училищна спортна база,с. Коньово,Сливен,Нова Загора
С-18366-008,Футболно игрище село Огняново,Игрище,с. Огняново,Благоевград,Гърмен
С-18366-005,Спортен терен село Горно Дряново,Игрище,с. Горно Дряново,Благоевград,Гърмен
С-68134-018,Стадион в с.Пасарел,Стадион,,София град,
С-68134-017,Стадион в с. Кокаляне,Стадион,с. Кокаляне,София (столица),Столична
С-04501-005,Стадион,Стадион,гр. Бобов дол,Кюстендил,Бобов дол
С-68134-013,Стадион в с. Казичене,Стадион,с. Казичене,София (столица),Столична
С-18366-004,Спортен терен село Рибново,Игрище,с. Рибново,Благоевград,Гърмен
С-41112-004,Тенис корт,Спортна площадка,гр. Кюстендил,Кюстендил,Кюстендил
С-51809-013,Физкултурен салон - ОУ ПЕТКО СЛАВЕЙКОВ - С. КОРТЕН,Училищна спортна база,с. Кортен,Сливен,Нова Загора
С-18366-001,Футболно игрище село Дебрен,Игрище,с. Дебрен,Благоевград,Гърмен
С-73403-004,Спортен комплекс - Плачковци,Спортен комплекс,гр. Плачковци,Габрово,Трявна
С-51809-008,ФИЗК. САЛОН - НУ ПАИСИЙ ХИЛЕНДАРСКИ,Училищна спортна база,гр. Нова Загора,Сливен,Нова Загора
С-51809-007,ФИЗК. САЛОН - НУ ЛЮБЕН КАРАВЕЛОВ,Училищна спортна база,гр. Нова Загора,Сливен,Нова Загора
С-51809-010,СПОРТНА ПЛОЩАДКА - ОУ С. СТОИЛ ВОЙВОДА,Училищна спортна база,с. Стоил войвода,Сливен,Нова Загора
С-51809-011,СПОРТНА ПЛОЩАДКА - НУ С. РАДЕВО,Училищна спортна база,с. Радево,Сливен,Нова Загора
С-51809-012,Стадион - С. КОРТЕН,Спортен комплекс,с. Кортен,Сливен,Нова Загора
С-41112-002,"Стадион ""Странджата""",Стадион,гр. Кюстендил,Кюстендил,Кюстендил
С-43952-002,"СОУ ""Панайот Пипков""- Физкултурен салон",Училищна спортна база,гр. Ловеч,Ловеч,Ловеч
С-00702-033,"ОУ""Никола Й.Вапцаров"" -гр.Асеновград",Училищна спортна база,гр. Асеновград,Пловдив,Асеновград
С-04501-003,урегулиран поземлен имот отреден за спорт и развлечения,Спортна площадка,гр. Бобов дол,Кюстендил,Бобов дол
С-00702-032,"ОУ ""Климент Охридски"" - с.Златовръх",Училищна спортна база,с. Златовръх,Пловдив,Асеновград
С-00702-031,"Спортна площадка към ОУ ""Отец Паисий"" - с.Мулдава",Училищна спортна база,с. Мулдава,Пловдив,Асеновград
С-00702-030,"ОУ ""Панайот Волов"" - кв.Долни Воден",Училищна спортна база,,Пловдив,
С-00702-029,"Спортна площадка към ОУ ""Отец Паисий"" - с.Тополово",Училищна спортна база,с. Тополово,Пловдив,Асеновград
С-00702-028,"Спортна площадка към ОУ""Проф.д-р Асен Златаров""- с.Боянци",Училищна спортна база,с. Боянци,Пловдив,Асеновград
С-00702-027,"Спортна площадка към ОУ""Райна Княгиня"" -кв.Горни Воден",Училищна спортна база,,Пловдив,
С-43952-001,"ОУ ""ХРИСТО НИКИФОРОВ""- Физкултурен салон",Училищна спортна база,гр. Ловеч,Ловеч,Ловеч
С-77195-015,"ОУ ""Св. Климент Охридски""",Училищна спортна база,гр. Хасково,Хасково,Хасково
С-27632-006,"ОУ ""ХРИСТО БОТЕВ"" с. Лопян",Училищна спортна база,с. Лопян,София,Етрополе
С-00702-026,"СОУ ""Свети свети Кирил и Методий""-гр.Асеновград",Училищна спортна база,гр. Асеновград,Пловдив,Асеновград
С-27632-004,"ОУ ""ГЕОРГИ БЕНКОВСКИ"", с. Малки Искър",Училищна спортна база,с. Малки Искър,София,Етрополе
С-00702-025,"СОУ ""Свети  княз Борис І"" - гр.Асеновград",Училищна спортна база,гр. Асеновград,Пловдив,Асеновград
С-04501-002,Зала за бокс,Спортна зала,гр. Бобов дол,Кюстендил,Бобов дол
С-04501-001,Зала по борба,Спортна зала,гр. Бобов дол,Кюстендил,Бобов дол
С-51809-006,Физкултурен салон - НУ СВ. СВ. КИРИЛ И МЕТОДИЙ,Училищна спортна база,гр. Нова Загора,Сливен,Нова Загора
С-80371-006,Зала за обща физическа подготовка,Зала за обща физическа подготовка,гр. Чепеларе,Смолян,Чепеларе
С-69633-019,"Спортна площадка към ОУ ""Св. Климент Охридски""",Училищна спортна база,с. Виноград,Велико Търново,Стражица
С-51809-005,ФИЗК. САЛОН № 1 - СОУ ИВАН ВАЗОВ,Училищна спортна база,гр. Нова Загора,Сливен,Нова Загора
С-69633-018,"Спортна площадка към ОУ ""Св. св. Кирил и Методий""",Училищна спортна база,с. Асеново,Велико Търново,Стражица
С-07702-009,Плувен басейн,Плувен комплекс,гр. Бяла Слатина,Враца,Бяла Слатина
С-07702-008,Плувен басейн в село Галиче,Плувен комплекс,с. Галиче,Враца,Бяла Слатина
С-51809-004,ФИЗК. САЛОН - НУ ХР. БОТЕВ,Училищна спортна база,гр. Нова Загора,Сливен,Нова Загора
С-00702-024,"ОУ"" Петко Каравелов""-гр.Асеновград",Училищна спортна база,гр. Асеновград,Пловдив,Асеновград
С-07702-007,Стадион в село Попица,Стадион,с. Попица,Враца,Бяла Слатина
С-51809-003,ГОЛЯМ ФИЗК. САЛОН - СОУ ХР. БОТЕВ,Училищна спортна база,гр. Нова Загора,Сливен,Нова Загора
С-00702-023,"ОУ ""Христо Ботев""-гр.Асеновград",Училищна спортна база,гр. Асеновград,Пловдив,Асеновград
С-51809-002,САЛОН ЗА БОРБА,Спортен салон,гр. Нова Загора,Сливен,Нова Загора
С-80371-004,Многофункционална спортна площадка,Спортна площадка,,Смолян,
С-10135-007,Футболен терен,Стадион,с. Тополи,Варна,Варна
С-61577-004,футболен терен,Игрище,с. Дрен,Перник,Радомир
С-00702-022,"ОУ ""Отец Паисий""-гр.Асеновград",Училищна спортна база,гр. Асеновград,Пловдив,Асеновград
С-07702-005,Стадион в село Търнак,Стадион,с. Търнак,Враца,Бяла Слатина
С-61577-003,Футболен терен,Игрище,с. Копаница,Перник,Радомир
С-07702-003,Спортен комплекс,Игрище,с. Бърдарски геран,Враца,Бяла Слатина
С-07702-002,Стадион в село Галиче,Стадион,с. Галиче,Враца,Бяла Слатина
С-61577-002,футболен терен,Игрище,с. Кондофрей,Перник,Радомир
С-80371-002,"Физкултурен салон към СОУ,,Васил Дечев""",Училищна спортна база,гр. Чепеларе,Смолян,Чепеларе
С-00702-021,"Спортна площадка към ОУ ""Ангел Кънчев""-гр.Асеновград",Училищна спортна база,гр. Асеновград,Пловдив,Асеновград
С-61577-001,футболен терен и сграда-съблекалня,Игрище,с. Друган,Перник,Радомир
С-77195-012,Стадион в с. Големанци,Стадион,с. Големанци,Хасково,Хасково
С-77195-013,Стадион в с. Войводово,Стадион,с. Войводово,Хасково,Хасково
С-77195-006,"Спортна площадка при УСШ ""Юнак""",Спортна площадка,гр. Хасково,Хасково,Хасково
С-35523-005,"ОУ""Иван Вазов"" - с.Калояново",Училищна спортна база,с. Калояново,Пловдив,Калояново
С-57772-006,Физкултурен салон,Училищна спортна база,с. Вълчитрън,Плевен,Пордим
С-57772-008,Физкултурен салон,Спортен салон,с. Одърне,Плевен,Пордим
С-35523-004,Футболно игрище в с. Песнопой,Игрище,с. Песнопой,Пловдив,Калояново
С-57772-010,Стадион,Стадион,с. Тотлебен,Плевен,Пордим
С-27632-002,"ОУ ""ХРИСТО БОТЕВ"" - ІІ",Училищна спортна база,гр. Етрополе,София,Етрополе
С-35523-003,Стадион в с. Долна Махала,Стадион,с. Долна махала,Пловдив,Калояново
С-57772-004,Физкултурен салон,Училищна спортна база,гр. Пордим,Плевен,Пордим
С-57772-009,Стадион,Стадион,с. Каменец,Плевен,Пордим
С-56784-001,"Аграрен университет, гр. Пловдив",Спортен комплекс,гр. Пловдив,Пловдив,Пловдив
С-35523-002,Стадион в с. Дълго поле,Стадион,с. Дълго поле,Пловдив,Калояново
С-57772-007,Стадион,Стадион,с. Одърне,Плевен,Пордим
С-27382-002,Спортна площадка,Спортна площадка,гр. Елхово,Ямбол,Елхово
С-35523-001,"Стадион ""Асен Гаргов""",Стадион,с. Калояново,Пловдив,Калояново
С-57772-005,Стадион,Стадион,с. Згалево,Плевен,Пордим
С-69633-012,Стадион,Стадион,с. Ново градище,Велико Търново,Стражица
С-57772-003,Спортна площадка,Спортна площадка,гр. Пордим,Плевен,Пордим
С-69633-004,"СОУ ""Ангел Каралийчев""",Училищна спортна база,гр. Стражица,Велико Търново,Стражица
С-67653-008,"II ОУ""Проф. д-р Асен Златаров""",Училищна спортна база,гр. Смолян,Смолян,Смолян
С-69633-016,Стадион,Стадион,с. Камен,Велико Търново,Стражица
С-67653-005,"Стадион ""Капитан Петко войвода""",Стадион,с. Петково,Смолян,Смолян
С-80501-013,"Физкултурен салон в ПГМЕТ ""Девети май"" гр. Червен бряг",Училищна спортна база,гр. Червен бряг,Плевен,Червен бряг
С-67653-004,Закрит плувен басейн,Басейн,гр. Смолян,Смолян,Смолян
С-67653-001,"Спортен комплекс ""Септември""",Спортен комплекс,гр. Смолян,Смолян,Смолян
С-80501-002,Градски стадион,Стадион,гр. Червен бряг,Плевен,Червен бряг
С-87374-034,"училищни спортни площадки в ОУ ""В.Левски"" с.Тенево",Училищна спортна база,с. Тенево,Ямбол,Тунджа
С-87374-037,"училищен двор със спортни площадки на ОУ ""Христо Ботев""с.Ботево",Училищна спортна база,с. Ботево,Ямбол,Тунджа
С-87374-036,"училищен двор със спортни площадки на ОУ ""Св.Св.К. и Методий ""с. Бояджик",Училищна спортна база,с. Бояджик,Ямбол,Тунджа
С-87374-038,"училищен двор със спортни площадки на ОУ ""Св.Св. Кирил и Методий ""с. Веселиново",Училищна спортна база,с. Веселиново,Ямбол,Тунджа
С-87374-040,"училищен двор със спортна площадка на ОУ ""Христо Ботев""с. Кукорево   """,Училищна спортна база,с. Кукорево,Ямбол,Тунджа
С-87374-042,"училищен двор със спортна площадка на ОУ ""Св.Св.Кирил и Методий""с. Дражево    """,Училищна спортна база,с. Дражево,Ямбол,Тунджа
С-87374-041,"училищен двор със спортна площадка на ОУ ""Св.П.Хилендарски""с- Скалица",Училищна спортна база,с. Скалица,Ямбол,Тунджа
С-87374-039,"училищен двор със спортна площадка на НУ ""Св.Кл.Охридси ""с.Крумово       """,Училищна спортна база,с. Крумово,Ямбол,Тунджа
С-87374-021,физкултурен салон - ОУ-Тенево,Училищна спортна база,с. Тенево,Ямбол,Тунджа
С-87374-035,"училищен двор със спортни площадки на ОУ ""Св.П.Хилендарски"" с.Роза""",Училищна спортна база,с. Роза,Ямбол,Тунджа
С-27632-001,"ОУ ""ХРИСТО БОТЕВ""",Училищна спортна база,гр. Етрополе,София,Етрополе
С-47714-006,Стадион,Стадион,с. Зверино,Враца,Мездра
С-47714-001,"Физкултурен салон на СОУ ""Иван Вазов""",Училищна спортна база,гр. Мездра,Враца,Мездра
С-47714-004,"Физкултурен салон на СОУ ""Св. Климент Охридски""",Училищна спортна база,с. Зверино,Враца,Мездра
С-47714-003,"Физкултурен салон на ОУ ""Св.Св. Кирил и Методий""",Училищна спортна база,гр. Мездра,Враца,Мездра
С-47714-002,"Физкултурен салон на ОУ ""Христо Ботев""",Училищна спортна база,гр. Мездра,Враца,Мездра
С-68134-009,Зала за боулинг,Спортна зала,гр. София,София (столица),Столична
С-61710-001,"Спортна зала ""Абритус""",Спортна зала,гр. Разград,Разград,Разград
С-72343-003,"Спортно-развлекателен център ""Тетевен 2009""",Спортна площадка,гр. Тетевен,Ловеч,Тетевен
С-72343-001,"Спортен комплекс ""Олимп""",Спортна зала,гр. Тетевен,Ловеч,Тетевен
С-43476-002,физкултурен салон,Спортен салон,гр. Летница,Ловеч,Летница
С-43476-001,Стадион,Стадион,гр. Летница,Ловеч,Летница
С-00518-001,Градски стадион,Стадион,гр. Антоново,Търговище,Антоново
С-35167-001,Академия МВР/ЦСПП Казанлък,Спортна зала,гр. Казанлък,Стара Загора,Казанлък
С-55155-003,Академия МВР/ЦСПП Пазарджик,Спортен салон,гр. Пазарджик,Пазарджик,Пазарджик
С-55155-002,Академия МВР/ЦСПП Пазарджик,Стрелбище,гр. Пазарджик,Пазарджик,Пазарджик
С-55155-001,Академия МВР/ЦСПП Пазарджик,Спортен салон,гр. Пазарджик,Пазарджик,Пазарджик
С-68134-006,Спортен салон в сградата на Общежитие №1,Спортен салон,гр. София,София (столица),Столична
С-68134-007,Академия МВР /Административна сграда,Спортен салон,гр. София,София (столица),Столична
С-68134-003,Академия МВР,Стрелбище,гр. София,София (столица),Столична
С-68134-005,Академия МВР /Административна сграда,Спортен салон,гр. София,София (столица),Столична
С-68134-004,Академия МВР,Спортна площадка,гр. София,София (столица),Столична
С-68134-002,Спортна площадка към Академия МВР,Спортна площадка,гр. София,София (столица),Столична
С-68134-008,"Академия МВР/факултет ""ПБЗН""",Спортен салон,гр. София,София (столица),Столична
С-57772-001,Стадион с парк,Стадион,гр. Пордим,Плевен,Пордим
С-57772-002,Тенис корт,Спортна площадка,гр. Пордим,Плевен,Пордим
С-48297-001,"СОУ ""Христо Ботев"" с.Караманци",Училищна спортна база,с. Караманци,Хасково,Минерални бани
С-58356-003,"ОУ ""Христо Ботев"" - с. Ново Паничарево",Спортен салон,с. Ново Паничарево,Бургас,Приморско
Т-80011-002,Братия,Туристическа база,с. Чавдар,София,Чавдар
С-55021-014,"Спортна площадка ОУ ""Г.Бенковски"" с. Манолово",Училищна спортна база,с. Манолово,Стара Загора,Павел баня
С-55021-010,"Спортна площадка в ОУ ""Ген. Габарев""",Училищна спортна база,с. Габарево,Стара Загора,Павел баня
С-69633-014,Стадион,Стадион,с. Сушица,Велико Търново,Стражица
С-55021-007,Стадион с. Александрово,Стадион,с. Александрово,Стара Загора,Павел баня
С-00702-002,стадион - с.Червен,Стадион,с. Червен,Пловдив,Асеновград
С-55021-004,Стадион с. Горно Сахране,Стадион,с. Горно Сахране,Стара Загора,Павел баня
С-69633-001,Стадион,Стадион,с. Лозен,Велико Търново,Стражица
С-69633-007,Стадион,Стадион,с. Асеново,Велико Търново,Стражица
С-69633-008,Стадион,Стадион,с. Царски извор,Велико Търново,Стражица
С-69633-011,Стадион,Стадион,с. Виноград,Велико Търново,Стражица
С-69633-010,Стадион,Стадион,с. Кесарево,Велико Търново,Стражица
С-55021-003,Стадион с. Тъжа,Стадион,с. Тъжа,Стара Загора,Павел баня
С-69633-003,Стадион,Стадион,гр. Стражица,Велико Търново,Стражица
С-55021-001,Стадион с. Търничени,Стадион,с. Търничени,Стара Загора,Павел баня
С-55021-002,Стадион с. Скобелево,Стадион,с. Скобелево,Стара Загора,Павел баня
С-87374-006,футболно игрище със съблекални - Чарган,Стадион,с. Чарган,Ямбол,Тунджа
С-87374-002,футболно игрище със съблекални - Бояджик,Стадион,с. Бояджик,Ямбол,Тунджа
С-87374-005,футболно игрище със съблекални - Скалица,Стадион,с. Скалица,Ямбол,Тунджа
С-87374-026,футболен терен със съблекални -Кукорево,Стадион,с. Кукорево,Ямбол,Тунджа
С-87374-018,футболен терен със съблекални - Савино,Стадион,с. Савино,Ямбол,Тунджа
С-87374-015,футболен терен със съблекални - Овчи Кладенец,Стадион,с. Овчи кладенец,Ямбол,Тунджа
С-87374-029,футболен терен със съблекални - Межда,Стадион,с. Межда,Ямбол,Тунджа
С-87374-028,футболен терен със съблекални - Калчево,Стадион,с. Калчево,Ямбол,Тунджа
С-87374-025,футболен терен със съблекални - Генерал Тошево,Стадион,,Ямбол,
С-87374-012,футболен терен със съблекални - Безмер,Стадион,с. Безмер,Ямбол,Тунджа
С-87374-016,футболен терен -Симеоново,Игрище,с. Симеоново,Ямбол,Тунджа
С-87374-024,футболен терен - Крумово,Игрище,с. Крумово,Ямбол,Тунджа
С-87374-031,футболен терен - Кабиле,Игрище,с. Кабиле,Ямбол,Тунджа
С-87374-027,футболен терен - Ботево,Игрище,с. Ботево,Ямбол,Тунджа
С-87374-019,футболен  терен - Меден Кладенец,Игрище,с. Меден кладенец,Ямбол,Тунджа
С-87374-023,физкултурен салон -ОУ -Бояджик,Училищна спортна база,с. Бояджик,Ямбол,Тунджа
С-87374-022,физкултурен салон - ОУ-Роза,Училищна спортна база,с. Роза,Ямбол,Тунджа
С-87374-017,терен за спортни нужди -Симеоново,Спортна площадка,с. Симеоново,Ямбол,Тунджа
С-87374-014,спортен комплекс -две фут. игрища със съблекални-Роза,Стадион,с. Роза,Ямбол,Тунджа
С-87374-001,не застроен спортен терен - Каравелово,Стадион,с. Каравелово,Ямбол,Тунджа
С-87374-020,футболен терен със съблекални - Тенево,Стадион,с. Тенево,Ямбол,Тунджа
С-87374-010,футболен стадион със съблекални и открит плувен басеин -Ген.Инзово,Стадион,с. Генерал Инзово,Ямбол,Тунджа
С-87374-032,за спортни мероприятия - Кабиле,Спортна площадка,с. Кабиле,Ямбол,Тунджа
С-87374-008,футболен терен със съблекални - Маломир,Стадион,с. Маломир,Ямбол,Тунджа
С-46045-009,"ОУ ""Васил Левски"" с. Боровина, общ. Мадан",Училищна спортна база,,Смолян,
С-46045-008,"ОУ""Христо Ботев"" с. Букова поляна, общ. Мадан",Училищна спортна база,,Смолян,
С-46045-007,"СОУ ""Паисий Хилендарски"" гр. Мадан",Училищна спортна база,,Смолян,
С-46045-006,"СОУ ""Св.Св. Кирил и Методий"" с. Върбина, гр. Мадан",Училищна спортна база,с. Върбина,Смолян,Мадан
С-46045-005,"ОУ ""Петко Р. Славейков"" - с. Средногорци, гр. Мадан",Училищна спортна база,с. Средногорци,Смолян,Мадан
С-46045-003,плувен басейн,Плувен комплекс,гр. Мадан,Смолян,Мадан
С-46045-002,стадион - Батанци,Стадион,,Смолян,
С-46045-001,салон за борба,Спортен салон,гр. Мадан,Смолян,Мадан
С-14711-001,Спортен комплекс,Спортен комплекс,с. Петлешково,Добрич,Генерал Тошево
С-00084-003,Футболно игрище,Спортен комплекс,с. Тръстиково,Варна,Аврен
С-00084-001,Футболно игрище,Стадион,с. Аврен,Варна,Аврен
С-00084-002,Стадион,Спортен комплекс,с. Синдел,Варна,Аврен
С-00084-004,Стадион,Спортен комплекс,с. Бенковски,Варна,Аврен
С-68134-001,"Военна академия ""Георги Стойков Раковски""",Спортна зала,гр. София,София (столица),Столична
С-03616-012,"НУ ""Васил Левски""",Училищна спортна база,гр. Белоградчик,Видин,Белоградчик
С-03616-011,"Начално училище ""Васил Левски""",Училищна спортна база,гр. Белоградчик,Видин,Белоградчик
С-03616-010,"Начално училище ""Васил Левски""",Училищна спортна база,гр. Белоградчик,Видин,Белоградчик
С-03616-009,спортна площадка,Училищна спортна база,гр. Белоградчик,Видин,Белоградчик
С-03616-008,Детска площадка,Спортна площадка,гр. Белоградчик,Видин,Белоградчик
С-20465-001,Девин,Стадион,гр. Девин,Смолян,Девин
С-73403-008,"Училищна спортна база-СОУ""Петко Р. Славейков""-Трявна",Училищна спортна база,гр. Трявна,Габрово,Трявна
С-73403-007,Училищна спортна база - Плачковци,Училищна спортна база,гр. Плачковци,Габрово,Трявна
С-10447-016,"ОУ"" Димитьр Благоев""",Училищна спортна база,гр. Велико Търново,Велико Търново,Велико Търново
С-73403-009,Училищна спортна база - ОУ - Трявна,Училищна спортна база,гр. Трявна,Габрово,Трявна
С-73403-003,Стадион - гр. Плачковци,Стадион,гр. Плачковци,Габрово,Трявна
С-73403-001,Спортен комплекс -Трявна,Спортен комплекс,гр. Трявна,Габрово,Трявна
С-73403-002,Комбинирана спортна площадка за футбол и баскетбол,Спортна площадка,гр. Трявна,Габрово,Трявна
С-73403-006,Комбинирана кортова площадка,Спортна площадка,гр. Трявна,Габрово,Трявна
С-10447-014,"СОУ ""Емилиян Станев""",Училищна спортна база,гр. Велико Търново,Велико Търново,Велико Търново
С-10447-013,"СОУ ""Вела Благоева""",Училищна спортна база,гр. Велико Търново,Велико Търново,Велико Търново
С-10447-011,"СОУ ""Г.С.Раковски""",Училищна спортна база,гр. Велико Търново,Велико Търново,Велико Търново
С-10447-006,"ОУ ""Васил Левски""",Училищна спортна база,с. Леденик,Велико Търново,Велико Търново
С-10447-009,"ПМГ ""В.Друмев""",Училищна спортна база,гр. Велико Търново,Велико Търново,Велико Търново
С-10447-007,"ХГ ""Св. св. Кирил и Методий""",Училищна спортна база,,Велико Търново,
С-10447-004,"Помощно у-ще ""Теодосий Тьрновски""",Училищна спортна база,гр. Велико Търново,Велико Търново,Велико Търново
С-10447-005,"ОУ ""Св.Патриарх Евтимий""",Училищна спортна база,гр. Велико Търново,Велико Търново,Велико Търново
С-10447-003,Покрит плувен басейн и зала за хандбал,Басейн,гр. Велико Търново,Велико Търново,Велико Търново
С-36498-012,Стадион в село Климент,Стадион,с. Климент,Пловдив,Карлово
С-03616-007,"СОУ ""Христо Ботев""",Училищна спортна база,гр. Белоградчик,Видин,Белоградчик
С-03616-002,Спортна база,Спортна база,гр. Белоградчик,Видин,Белоградчик
С-65334-017,"Училищна спортна база към ІІ ОУ и ПГ ""Яне Сандански""",Училищна спортна база,гр. Сандански,Благоевград,Сандански
С-65334-016,Училищна спортна база към ІІІ ОУ,Училищна спортна база,гр. Сандански,Благоевград,Сандански
С-65334-015,Училищна спортна база към ІV ОУ,Училищна спортна база,гр. Сандански,Благоевград,Сандански
С-65334-014,Училищна спортна база към Спортно училище,Училищна спортна база,гр. Сандански,Благоевград,Сандански
С-58356-001,"Физкултурен салон към СОУ ""Н.Вапцаров""",Училищна спортна база,гр. Приморско,Бургас,Приморско
С-65334-013,Плувен комплекс,Плувен комплекс,гр. Сандански,Благоевград,Сандански
С-36498-011,Стадион в гр.Карлово,Стадион,,Пловдив,
С-36498-010,Стадион в с.Дъбене,Стадион,с. Дъбене,Пловдив,Карлово
С-36498-009,Стадион в с.Войнягово,Стадион,с. Войнягово,Пловдив,Карлово
С-03616-006,"СОУ ""Христо Ботев""",Училищна спортна база,гр. Белоградчик,Видин,Белоградчик
С-03616-005,"СОУ ""Христо Ботев""",Училищна спортна база,гр. Белоградчик,Видин,Белоградчик
С-03616-004,"СОУ ""Христо Ботев""",Училищна спортна база,гр. Белоградчик,Видин,Белоградчик
С-44478-002,Градски стадион,Стадион,гр. Лъки,Пловдив,Лъки
С-44478-001,"СОУ ""Христо Ботев"" - град Лъки",Училищна спортна база,гр. Лъки,Пловдив,Лъки
С-03616-003,волейболно игрище,Спортна площадка,гр. Белоградчик,Видин,Белоградчик
С-36498-008,Стадион в село Горни Домлян,Стадион,с. Горни Домлян,Пловдив,Карлово
С-36498-007,Стадион в село Домлян,Стадион,с. Домлян,Пловдив,Карлово
С-03616-001,градски стадион,Стадион,гр. Белоградчик,Видин,Белоградчик
С-36498-006,Стадиона в село Каравелово,Стадион,с. Каравелово,Пловдив,Карлово
С-36498-005,Хотелски комплекс,Спортна зала,гр. Баня,Пловдив,Карлово
С-36498-004,Спортен басейн в гр.Баня,Басейн,гр. Баня,Пловдив,Карлово
С-36498-003,Стадиона в гр.Баня,Стадион,гр. Баня,Пловдив,Карлово
С-36498-002,спортен терен,Спортна площадка,гр. Баня,Пловдив,Карлово
С-36498-001,квартал 103,Спортна площадка,гр. Карлово,Пловдив,Карлово
Т-65334-001,Еко пътека Мелник - Златолист - Рожен,Еко пътека,,Благоевград,
С-65334-010,Интернат по плуване,Спортна база,гр. Сандански,Благоевград,Сандански
С-65334-011,Стадион,Стадион,с. Лиляново,Благоевград,Сандански
С-65334-002,Стадион,Стадион,с. Левуново,Благоевград,Сандански
Т-37513-001,"Хижа ""Джамен""",Туристическа база,с. Сирищник,Перник,Ковачевци
С-83510-001,"ШУ""Еп.К.Преславски""",Спортен комплекс,гр. Шумен,Шумен,Шумен
С-37513-008,"Учебно спортна оздравителна база язовир ""Пчелина""",Спортен комплекс,с. Лобош,Перник,Ковачевци
Т-10447-001,"Почивно-възстановителна база - вила ""Баба Ламбрина""",Туристическа база,с. Арбанаси,Велико Търново,Велико Търново
С-68134-360,"Национална алпийска ски база ""Витоша""",Спортна база,гр. София,София (столица),Столична
С-68134-386,Зала свободна борба,Спортна зала,гр. София,София (столица),Столична
С-56126-001,Терен за лекоатлетическа писта,Спортна площадка,гр. Петрич,Благоевград,Петрич
С-87374-070,"ПГ ПО СТРОИТЕЛСТВО И ГЕОДЕЗИЯ ""Кольо Фичето""",Училищна спортна база,гр. Ямбол,Ямбол,Ямбол
С-87374-071,"ПГ ПО ПОДЕМНА СТРОИТЕЛНА И ТРАНСПОРТНА ТЕХНИКА ""Н.Й.Вапцаров""",Училищна спортна база,гр. Ямбол,Ямбол,Ямбол
С-87374-072,"ПГ ПО ИКОНОМИКА ""Г.С.Раковски""",Училищна спортна база,гр. Ямбол,Ямбол,Ямбол
С-02676-017,ПГ ПО ЕЛЕКТРОНИКА И ЕНЕРГЕТИКА,Училищна спортна база,гр. Банско,Благоевград,Банско
С-69660-011,"Социално педагогически интернат ""А.С.Макаренко""",Училищна спортна база,гр. Стралджа,Ямбол,Стралджа
С-04279-005,"ПГ ПО ИКОНОМИКА ""ИВАН ИЛИЕВ""",Училищна спортна база,гр. Благоевград,Благоевград,Благоевград
С-04279-006,"ПРОФЕСИОНАЛНА ТЕХНИЧЕСКА ГИМНАЗИЯ ""ИЧКО БОЙЧЕВ""",Училищна спортна база,гр. Благоевград,Благоевград,Благоевград
С-27382-010,"ПОМОЩНО У-ЩЕ-ИНТЕРНАТ ""Н.Й.Вапцаров""",Училищна спортна база,,Ямбол,
С-04279-007,"ПОМОЩНО УЧИЛИЩЕ ""СВ. ПАИСИЙ ХИЛЕНДАРСКИ""",Училищна спортна база,гр. Благоевград,Благоевград,Благоевград
С-83510-034,"ПОМОЩНО У-ЩЕ ""Васил Друмев""",Училищна спортна база,гр. Шумен,Шумен,Шумен
С-56126-002,"ПГ ПО МЕХАНОЕЛЕКТРОТЕХНИКА ""ЮРИЙ ГАГАРИН""",Училищна спортна база,гр. Петрич,Благоевград,Петрич
С-83510-035,"ПГ ПО ОБЛЕКЛО, ХРАНЕНЕ И ХИМИЧНИ ТЕХНОЛОГИИ ""Проф. д-р Асен Златаров""",Училищна спортна база,гр. Шумен,Шумен,Шумен
С-61813-019,ПГ ПО ТРАНСПОРТ,Училищна спортна база,гр. Разлог,Благоевград,Разлог
С-83510-036,"ПГ ПО МЕХАНОТЕХНИКА, ЕЛЕКТРОНИКА, ТЕЛЕКОМУНИКАЦИИ И ТРАНСПОРТ""Христо Ботев""",Училищна спортна база,гр. Шумен,Шумен,Шумен
С-04279-008,"ПГ ПО ТУРИЗЪМ И ХРАНИТЕЛНИ ТЕХНОЛОГИИ ""НИКОЛА СТОЙЧЕВ""",Училищна спортна база,,Благоевград,
С-83510-037,"ПРОФЕСИОНАЛНА ТЕХНИЧЕСКА ГИМНАЗИЯ ""Симеон Велики""",Училищна спортна база,гр. Велики Преслав,Шумен,Велики Преслав
С-77195-028,"ПГ ПО ТРАНСПОРТ ""Н.Й.Вапцаров""",Училищна спортна база,гр. Хасково,Хасково,Хасково
С-68134-358,"Център за водни спортове ""Щъркелово гнездо""",Спортна база,гр. София,София (столица),Столична
С-07079-069,"ПГ ПО МОРСКО КОРАБОПЛАВАНЕ И РИБОЛОВ ""СВ. НИКОЛА""",Училищна спортна база,гр. Бургас,Бургас,Бургас
С-02508-025,Игрище за хокей на трева,Игрище,,Добрич,
С-02508-026,"Многофункционална спортна зала с мек покрив - тип ""балон""",Спортна зала,,Добрич,
С-07079-070,ПРОФЕСИОНАЛНА ТЕХНИЧЕСКА ГИМНАЗИЯ,Училищна спортна база,гр. Бургас,Бургас,Бургас
С-77195-029,"ПГ ПО МЕХАНОЕЛЕКТРОТЕХНИКА ""Стойчо и Кица Марчеви""",Училищна спортна база,гр. Хасково,Хасково,Хасково
С-07079-071,"ПГ ПО ХИМИЧНИ ТЕХНОЛОГИИ ""Акад.Н.Д.Зелински""",Училищна спортна база,гр. Бургас,Бургас,Бургас
С-77195-030,"ФИНАНСОВО-СТОПАНСКА ГИМНАЗИЯ ""Атанас Буров""",Училищна спортна база,гр. Хасково,Хасково,Хасково
С-77181-015,"ПОМОЩНО У-ЩЕ ""Петко Р.Славейков""",Училищна спортна база,гр. Харманли,Хасково,Харманли
С-77181-016,"ПГ ПО ЕЛЕКТРОПРОМИШЛЕНОСТ И ТЕКСТИЛ ""Захари Стоянов""",Училищна спортна база,гр. Харманли,Хасково,Харманли
С-21052-020,"ПГ ПО ХИМИЧНИ И ХРАНИТЕЛНИ ТЕХНОЛОГИИ ""Проф. д-р Асен Златаров""",Училищна спортна база,гр. Димитровград,Хасково,Димитровград
С-21052-021,"ПРОФЕСИОНАЛНА ГИМНАЗИЯ ""Капитан Петко войвода""",Училищна спортна база,гр. Димитровград,Хасково,Димитровград
С-73626-014,"СОУ за деца с увреден слух ""Св.Иван Рилски""",Училищна спортна база,гр. Търговище,Търговище,Търговище
С-73626-015,"ПОМОЩНО У-ЩЕ ""Д-р Петър Берон""",Училищна спортна база,гр. Търговище,Търговище,Търговище
С-73626-016,"ПРОФЕСИОНАЛНА ТЕХНИЧЕСКА ГИМНАЗИЯ ""Симеон Велики""",Училищна спортна база,гр. Търговище,Търговище,Търговище
С-73626-017,"ПГ ПО ИКОНОМИЧЕСКА ИНФОРМАТИКА ""Джон Атанасов""",Училищна спортна база,гр. Търговище,Търговище,Търговище
С-68134-279,Академия МВР,Стрелбище,гр. София,София (столица),Столична
С-10447-036,СТАРОПРЕСТОЛНА ГИМНАЗИЯ ПО ИКОНОМИКА,Училищна спортна база,гр. Велико Търново,Велико Търново,Велико Търново
С-10447-037,"ПГ ПО ЕЛЕКТРОНИКА ""А. С. Попов""",Училищна спортна база,гр. Велико Търново,Велико Търново,Велико Търново
С-73626-018,"ПГ ПО ТУРИЗЪМ И ХРАНИТЕЛНО-ВКУСОВИ ТЕХНОЛОГИИ ""Алеко Константинов""",Училищна спортна база,гр. Търговище,Търговище,Търговище
С-10447-038,"ПГ ПО ЕЛЕКТРОНИКА ""А. С. ПОПОВ""",Училищна спортна база,гр. Дебелец,Велико Търново,Велико Търново
С-10447-039,"ПГ ПО СТРОИТЕЛСТВО, АРХИТЕКТУРА И ГЕОДЕЗИЯ ""Ангел Попов""",Училищна спортна база,гр. Велико Търново,Велико Търново,Велико Търново
С-16359-024,"ПГ ПО ЕЛЕКТРОТЕХНИКА И ЕЛЕКТРОНИКА ""М. В. ЛОМОНОСОВ""",Училищна спортна база,гр. Горна Оряховица,Велико Търново,Горна Оряховица
С-16359-025,"ПГ ПО Ж.П. ТРАНСПОРТ ""Н.Й.Вапцаров""",Училищна спортна база,гр. Горна Оряховица,Велико Търново,Горна Оряховица
С-16359-026,"ПРОФЕСИОНАЛНА ТЕХНИЧЕСКА ГИМНАЗИЯ ""В.  ЛЕВСКИ""",Училищна спортна база,гр. Горна Оряховица,Велико Търново,Горна Оряховица
С-69633-024,ПГ ПО ТРАНСПОРТ,Училищна спортна база,гр. Стражица,Велико Търново,Стражица
С-10135-024,"ВАРНЕСКА МОРСКА ГИМНАЗИЯ ""Св.Николай Чудотворец""",Училищна спортна база,,Варна,
С-10135-025,"ПГ ПО СТРОИТЕЛСТВО, АРХИТЕКТУРА И ГЕОДЕЗИЯ ""ВАСИЛ ЛЕВСКИ""",Училищна спортна база,гр. Варна,Варна,Варна
С-10135-026,"ПГ ПО ХИМИЧНИ И ХРАНИТЕЛНО-ВКУСОВИ ТЕХНОЛОГИИ ""Дмитрий Менделеев""",Училищна спортна база,гр. Варна,Варна,Варна
С-05548-002,"ПГ ПО ТРАНСПОРТ  ""Коста Петров""",Училищна спортна база,с. Борован,Враца,Борован
С-67338-028,"ПОМОЩНО У-ЩЕ ""Власаки Шуманов""",Училищна спортна база,гр. Сливен,Сливен,Сливен
С-67653-022,ПГ ПО ТУРИЗЪМ,Училищна спортна база,с. Петково,Смолян,Смолян
С-67653-021,"ПГ ПО ТЕХНИКА И ТЕХНОЛОГИИ ""Христо Ботев""",Училищна спортна база,гр. Смолян,Смолян,Смолян
С-67653-020,"ПГ ПО СТРОИТЕЛСТВО ""Н.Й.Вапцаров""",Училищна спортна база,гр. Смолян,Смолян,Смолян
С-05815-002,"ТЕХНИЧЕСКА ПРОФЕСИОНАЛНА ГИМНАЗИЯ ""Стамен Панчев""",Училищна спортна база,гр. Ботевград,София,Ботевград
С-05815-001,"ПГ ПО ТЕХНИКА И МЕНИДЖМЪНТ ""Христо Ботев""",Училищна спортна база,гр. Ботевград,София,Ботевград
С-32901-009,"ПРОФЕСИОНАЛНА ГИМНАЗИЯ ""Васил Левски""",Училищна спортна база,,София,
С-67338-027,"СЛИВЕНСКА ПГ ПО СТРОИТЕЛСТВО И ГЕОДЕЗИЯ ""Арх. Георги Козаров""",Училищна спортна база,гр. Сливен,Сливен,Сливен
С-66425-017,РЕГИОНАЛЕН ИНСПЕКТОРАТ ПО ОБРАЗОВАНИЕТО,Училищна спортна база,гр. Силистра,Силистра,Силистра
С-66425-016,"ПОМОЩНО У-ЩЕ  ""Софроний Врачански""",Училищна спортна база,гр. Силистра,Силистра,Силистра
С-66425-015,"ПГ ПО ПРОИЗВОДСТВЕНИ ТЕХНОЛОГИИ ""Евлоги Георгиев""",Училищна спортна база,гр. Силистра,Силистра,Силистра
С-66425-014,"ПГ ПО МЕХАНОТЕХНИКА  ""Владимир Комаров""",Училищна спортна база,гр. Силистра,Силистра,Силистра
С-63427-044,"ПГ ПО ХИМИЧНИ ТЕХНОЛОГИИ И БИОТЕХНОЛОГИИ  ""Проф. Д.Баларев""",Училищна спортна база,гр. Русе,Русе,Русе
С-63427-043,"ПГ ПО ЕЛЕКТРОТЕХНИКА И ЕЛЕКТРОНИКА ""Апостол Арнаудов""",Училищна спортна база,гр. Русе,Русе,Русе
С-63427-042,ПГ ПО РЕЧНО КОРАБОСТРОЕНЕ И КОРАБОПЛАВАНЕ,Училищна спортна база,гр. Русе,Русе,Русе
С-61710-011,"ПГ ПО ИКОНОМИКА ""Робер Шуман""",Училищна спортна база,гр. Разград,Разград,Разград
С-61710-010,"ПРОФЕСИОНАЛНА ТЕХНИЧЕСКА ГИМНАЗИЯ ""Шандор Петьофи""",Училищна спортна база,гр. Разград,Разград,Разград
С-61710-009,"ПГ ПО ТРАНСПОРТ И СТРОИТЕЛСТВО ""Христо Смирненски""",Училищна спортна база,гр. Разград,Разград,Разград
С-30065-012,"ВЪЗПИТАТЕЛНО  У-ЩЕ ИНТЕРНАТ ""Н.Й.Вапцаров""",Училищна спортна база,гр. Завет,Разград,Завет
С-56784-061,"ПГ ПО ТРАНСПОРТ ""Гоце Делчев""",Училищна спортна база,гр. Пловдив,Пловдив,Пловдив
С-56784-060,"ПГ ПО КОЖЕНИ ИЗДЕЛИЯ И ТЕКСТИЛ ""Д-р Иван Богров""",Училищна спортна база,гр. Пловдив,Пловдив,Пловдив
С-56784-059,"ПГ ПО СТРОИТЕЛНИ ТЕХНОЛОГИИ ""Пеньо Пенев""",Училищна спортна база,гр. Пловдив,Пловдив,Пловдив
С-56784-058,ПГ ПО МАШИНОСТРОЕНЕ,Училищна спортна база,гр. Пловдив,Пловдив,Пловдив
С-56784-057,"ССУ за деца с увреден слух  ""Проф.д-р Ст.Белинов""",Училищна спортна база,гр. Пловдив,Пловдив,Пловдив
С-36498-016,"ПРОФЕСИОНАЛНА ГИМНАЗИЯ ""Ген. Владимир Заимов""",Училищна спортна база,гр. Сопот,Пловдив,Сопот
С-36498-015,"ПРОФЕСИОНАЛНА ГИМНАЗИЯ ""Братя Евлоги и Христо Георгиеви""",Училищна спортна база,гр. Карлово,Пловдив,Карлово
С-07702-011,"ПГ ПО ОБЛЕКЛО ""Елисавета Багряна""",Училищна спортна база,гр. Бяла Слатина,Враца,Бяла Слатина
С-36498-014,"ПГ ПО Ж.П. ТРАНСПОРТ ""Христо Смирненски""",Училищна спортна база,гр. Карлово,Пловдив,Карлово
С-06361-009,"ПРОФЕСИОНАЛНА ГИМНАЗИЯ ""Златю Бояджиев""",Училищна спортна база,гр. Брезово,Пловдив,Брезово
С-80501-028,"ПГ ПО МЕХАНОЕЛЕКТРОТЕХНИКА ""Девети май""",Училищна спортна база,гр. Червен бряг,Плевен,Червен бряг
С-80501-027,"ТЪРГОВСКА ГИМНАЗИЯ ""Васил Априлов""",Училищна спортна база,гр. Червен бряг,Плевен,Червен бряг
С-56722-048,РЕГИОНАЛЕН ИНСПЕКТОРАТ ПО ОБРАЗОВАНИЕТО,Училищна спортна база,гр. Плевен,Плевен,Плевен
С-56722-047,"ПГ ПО ТРАНСПОРТ ""Проф. Цветан Лазаров""",Училищна спортна база,гр. Плевен,Плевен,Плевен
С-56722-046,"ПГ ПО СТРОИТЕЛСТВО, АРХИТЕКТУРА И ГЕОДЕЗИЯ ""Н.Фичев""",Училищна спортна база,гр. Плевен,Плевен,Плевен
С-43236-023,ПГ ПО ТРАНСПОРТ И ЛЕКА ПРОМИШЛЕНОСТ,Училищна спортна база,гр. Левски,Плевен,Левски
С-22215-003,"СРЕДНО ПРОФЕСИОНАЛНО-ВЪЗПИТАТЕЛНО УЧИЛИЩЕ ИНТЕРНАТ""Христо Ботев""",Училищна спортна база,с. Подем,Плевен,Долна Митрополия
С-22407-005,"ПОМОЩНО У-ЩЕ ""А.С. Киселинчев""",Училищна спортна база,гр. Долни Дъбник,Плевен,Долни Дъбник
С-12259-033,"ПРОФЕСИОНАЛНА ТЕХНИЧЕСКА ГИМНАЗИЯ ""Н.Й.Вапцаров""",Училищна спортна база,гр. Враца,Враца,Враца
С-61577-008,РАДОМИРСКА ПРОФЕСИОНАЛНА ГИМНАЗИЯ,Училищна спортна база,гр. Радомир,Перник,Радомир
С-57649-002,ПГ ПО ТЕХНИКА И ЛЕКА ПРОМИШЛЕНОСТ,Училищна спортна база,гр. Попово,Търговище,Попово
С-55302-002,"ПГ ПО ИНДУСТРИАЛНИ ТЕХНОЛОГИИ, МЕНИДЖМЪНТ И ТУРИЗЪМ ""Атанас Буров""",Училищна спортна база,гр. Панагюрище,Пазарджик,Панагюрище
С-55155-017,"ПОМОЩНО У-ЩЕ ""Иван Вазов""",Училищна спортна база,гр. Пазарджик,Пазарджик,Пазарджик
С-53535-001,ПГ ПО ТРАНСПОРТ И ЛЕКА ПРОМИШЛЕНОСТ,Училищна спортна база,гр. Омуртаг,Търговище,Омуртаг
С-68850-009,"ПГ ПО ЕЛЕКТРОТЕХНИКА ""Г.С.Раковски""",Училищна спортна база,гр. Стара Загора,Стара Загора,Стара Загора
С-55155-016,ПГ ПО СТРОИТЕЛСТВО И АРХИТЕКТУРА,Училищна спортна база,гр. Пазарджик,Пазарджик,Пазарджик
С-55155-015,ПГ ПО ОБЛЕКЛО,Училищна спортна база,гр. Пазарджик,Пазарджик,Пазарджик
С-55155-014,ПГ ПО МЕХАНОЕЛЕКТРОТЕХНИКА,Училищна спортна база,гр. Пазарджик,Пазарджик,Пазарджик
С-55155-013,ПГ ПО ПРОМИШЛЕНИ ТЕХНОЛОГИИ,Училищна спортна база,гр. Пазарджик,Пазарджик,Пазарджик
С-48489-020,"ПГ ПО СТРОИТЕЛСТВО, АРХИТЕКТУРА И ГЕОДЕЗИЯ ""Проф. арх. Стефан Стефанов""",Училищна спортна база,гр. Монтана,Монтана,Монтана
С-48489-019,"ПРОФЕСИОНАЛНА ТЕХНИЧЕСКА ГИМНАЗИЯ ""Юрий Гагарин""",Училищна спортна база,гр. Монтана,Монтана,Монтана
С-48489-018,"ПГ ПО ЕЛЕКТРОТЕХНИКА ""Христо Ботев""",Училищна спортна база,гр. Монтана,Монтана,Монтана
С-48489-017,"ФИНАНСОВО СТОПАНСКА ГИМНАЗИЯ ""Васил Левски""",Училищна спортна база,гр. Монтана,Монтана,Монтана
С-44238-002,"ПОМОЩНО У-ЩЕ  ""Д-р Петър Берон""",Училищна спортна база,гр. Лом,Монтана,Лом
С-05236-013,"ПГ ПО ТРАНСПОРТ ""Владимир Минчев""",Училищна спортна база,с. Владимирово,Монтана,Бойчиновци
С-05236-012,"ПГ ПО ТРАНСПОРТ ""Владимир Минчев""",Училищна спортна база,с. Владимирово,Монтана,Бойчиновци
С-73198-022,"ОЗДРАВИТЕЛНО УЧИЛИЩЕ ""Никола Войновски""",Училищна спортна база,с. Шипково,Ловеч,Троян
С-51980-008,"Спортна зала ""Тракия""",Спортен комплекс,гр. Стамболийски,Пловдив,Стамболийски
С-72343-009,"ПГ ПО СТРОИТЕЛСТВО, ЕЛЕКТРОТЕХНИКА И УСЛУГИ",Училищна спортна база,гр. Тетевен,Ловеч,Тетевен
С-68850-010,"ПГ ПО БИОТЕХНОЛОГИИ И ХИМИЧНИ ТЕХНОЛОГИИ ""Дм.Менделеев""",Училищна спортна база,гр. Стара Загора,Стара Загора,Стара Загора
С-43952-017,ПГ ПО МЕХАНОЕЛЕКТРОТЕХНИКА,Училищна спортна база,гр. Ловеч,Ловеч,Ловеч
С-43952-016,"ПГ ПО КОЖАРСТВО, ОБЛЕКЛО И ХИМИЧНИ ТЕХНОЛОГИИ ""Марийка и Маринчо Караконови""",Училищна спортна база,гр. Ловеч,Ловеч,Ловеч
С-43952-015,"ПГ ПО ИКОНОМИКА, ТЪРГОВИЯ И УСЛУГИ ""Марийка и Маринчо Караконови""",Училищна спортна база,гр. Ловеч,Ловеч,Ловеч
С-41112-034,"ПГ ПО ЛЕКА ПРОМИШЛЕНОСТ ""Владимир Димитров-Майстора""",Училищна спортна база,гр. Кюстендил,Кюстендил,Кюстендил
С-41112-033,"ПГ ПО ЛЕКА ПРОМИШЛЕНОСТ ""Владимир Димитров-Майстора""",Училищна спортна база,гр. Кюстендил,Кюстендил,Кюстендил
С-41112-032,"ПГ ПО ИКОНОМИКА И МЕНИДЖМЪНТ  ""Йордан Захариев""",Училищна спортна база,гр. Кюстендил,Кюстендил,Кюстендил
С-68789-011,"ПРОФЕСИОНАЛНА ГИМНАЗИЯ ""Акад.Сергей П.Корольов""",Училищна спортна база,гр. Дупница,Кюстендил,Дупница
С-68850-011,"ПГ ПО СТРОИТЕЛСТВО И ДЪРВООБРАБОТВАНЕ ""Инж.Недьо Ранчев""",Училищна спортна база,гр. Стара Загора,Стара Загора,Стара Загора
С-04501-008,ПРОФЕСИОНАЛНА ГИМНАЗИЯ,Училищна спортна база,гр. Бобов дол,Кюстендил,Бобов дол
С-35167-027,ПГ ПО ТРАНСПОРТ И ТРАНСПОРТЕН МЕНИДЖМЪНТ,Училищна спортна база,гр. Казанлък,Стара Загора,Казанлък
С-35167-028,ПГ ПО ЛЕКА ПРОМИШЛЕНОСТ И ТУРИЗЪМ,Училищна спортна база,гр. Казанлък,Стара Загора,Казанлък
С-35167-029,"ПРОФЕСИОНАЛНА ГИМНАЗИЯ ""Иван Хаджиенов""",Училищна спортна база,гр. Казанлък,Стара Загора,Казанлък
С-48996-001,"ПГ ПО МАШИНОСТРОЕНЕ И ЛЕКА ПРОМИШЛЕНОСТ ""Васил Левски""",Училищна спортна база,гр. Момчилград,Кърджали,Момчилград
С-40909-009,"ПГ ПО ОБЛЕКЛО И ДИЗАЙН ""Евридика""",Училищна спортна база,гр. Кърджали,Кърджали,Кърджали
С-56722-055,"ОУ ""Д-р Петър Берон""/Спортно игрище",Игрище,гр. Плевен,Плевен,Плевен
С-40909-008,"ПРОФЕСИОНАЛНА ГИМНАЗИЯ  ""Васил Левски""",Училищна спортна база,гр. Кърджали,Кърджали,Кърджали
С-68134-366,НАЦИОНАЛНА ТЪРГОВСКО-БАНКОВА ГИМНАЗИЯ,Училищна спортна база,гр. София,София (столица),Столична
С-38902-005,"ПРОФЕСИОНАЛНА ГИМНАЗИЯ ""Г.С.Раковски""",Училищна спортна база,гр. Костенец,София,Костенец
С-56407-005,ПГ ПО МЕХАНОЕЛЕКТРОТЕХНИКА,Училищна спортна база,гр. Пирдоп,София,Пирдоп
С-65231-037,"ПРОФЕСИОНАЛНА ТЕХНИЧЕСКА ГИМНАЗИЯ ""Н.Й.Вапцаров""",Училищна спортна база,гр. Самоков,София,Самоков
С-68134-376,"СОУ За деца с нарушено зрение ""Луи Браил""",Училищна спортна база,гр. София,София (столица),Столична
С-68134-375,"НАЦИОНАЛНА ПГ ПО ПРЕЦИЗНА ТЕХНИКА И ОПТИКА ""М.В.Ломоносов""",Училищна спортна база,гр. София,София (столица),Столична
С-68134-374,"СОФИЙСКА ПРОФЕСИОНАЛНА ГИМНАЗИЯ ПО ЕЛЕКТРОНИКА ""Джон Атанасов""",Училищна спортна база,гр. София,София (столица),Столична
С-68134-367,"ПГ ПО ТРАНСПОРТ ""Макгахан""",Училищна спортна база,гр. София,София (столица),Столична
С-68134-368,"ПГ ПО ТОПЛИННА И ХЛАДИЛНА ТЕХНИКА ""Карл фон Линде""",Училищна спортна база,гр. София,София (столица),Столична
С-68134-369,"Национално СОУ ""София""",Училищна спортна база,гр. София,София (столица),Столична
С-40909-007,"ПГ ПО ИКОНОМИКА ""Алеко Константинов""",Училищна спортна база,гр. Кърджали,Кърджали,Кърджали
С-72271-008,"ПГ ПО ТЕХНИКА И ОБЛЕКЛО ""Дочо Михайлов""",Училищна спортна база,гр. Тервел,Добрич,Тервел
С-72624-030,"ФИНАНСОВО-СТОПАНСКА ГИМНАЗИЯ ""Васил Левски""",Училищна спортна база,гр. Добрич,Добрич,Добрич
С-66425-019,"ОУ""Отец Паисий""-гр. Силистра",Друг,гр. Силистра,Силистра,Силистра
С-65927-024,"ПГ ПО МЕХАНОЕЛЕКТРОТЕХНИКА ""Ген. Иван Бъчваров""",Училищна спортна база,гр. Севлиево,Габрово,Севлиево
С-65927-023,ПГ ПО ТРАНСПОРТ И МАШИНОСТРОЕНЕ,Училищна спортна база,с. Градница,Габрово,Севлиево
С-77181-017,Многофункционална спортна площадка - гр. Харманли,Игрище,гр. Харманли,Хасково,Харманли
С-56277-009,Мотописта - с. Радилово,Друг,с. Радилово,Пазарджик,Пещера
С-14218-006,"ПГ ПО ТУРИЗЪМ  ""Пенчо Семов""",Училищна спортна база,гр. Габрово,Габрово,Габрово
С-48043-004,"ПГ ПО ХИМИЧНИ ТЕХНОЛОГИИ  ""Васил Левски""",Училищна спортна база,гр. Мизия,Враца,Мизия
С-55302-003,Спортна площадка за хандбал на открито,Друг,гр. Панагюрище,Пазарджик,Панагюрище
С-38902-008,Спортна площадка,Друг,,София,
С-66460-004,"Масивен плувен басейн - гр, Симитли",Басейн,,Благоевград,
С-66460-005,Масивен плувен басейн в гр. Симитли,Басейн,,Благоевград,
С-23409-006,"Стадион ""Драгоман""",Стадион,гр. Драгоман,София,Драгоман
С-37798-009,"ПГ ПО ЯДРЕНА ЕНЕРГЕТИКА  ""Игор В. Курчатов""",Училищна спортна база,гр. Козлодуй,Враца,Козлодуй
С-10135-058,5315,Друг,гр. Варна,Варна,Варна
С-56784-103,"Картинг писта ""Лаута""",Друг,гр. Пловдив,Пловдив,Пловдив
С-10135-057,"Картинг писта ""Варна""",Друг,гр. Варна,Варна,Варна
С-68134-373,"ПГ ПО ТРАНСПОРТ И ЕНЕРГЕТИКА ""Хенри Форд""",Училищна спортна база,гр. София,София (столица),Столична
С-68134-372,"ПГ ПО АУДИО, ВИДЕО И ТЕЛЕКОМУНИКАЦИЯ ""А.С.Попов""",Училищна спортна база,гр. София,София (столица),Столична
С-68134-371,"ПГ ПО Ж.П. ТРАНСПОРТ ""Никола Корчев""",Училищна спортна база,гр. София,София (столица),Столична
С-05815-004,"Спортна зала ""Георги Христов""",Друг,гр. Ботевград,София,Ботевград
С-05815-006,"Учебен спортно-тренировъчен център ""Васил Левски""",Друг,гр. Ботевград,София,Ботевград
С-05815-007,"Спортно-тренировъчен комплекс ""Балкан""",Друг,гр. Ботевград,София,Ботевград
С-05815-009,"Спортно-тренировъчен комплекс - Ботевград, тенис кортове и открит плувен басейн",Друг,гр. Ботевград,София,Ботевград
С-04279-018,Стадион Логодаж,Друг,с. Логодаж,Благоевград,Благоевград
С-04279-019,"Стадион ""Падеш""",Стадион,с. Падеш,Благоевград,Благоевград
С-72343-027,Спортно игрище в с. Рибарица,Друг,с. Рибарица,Ловеч,Тетевен
С-67800-008,"Спортна площадка в ОУ ""Христо Ботев"" - гр. Черноморец",Друг,гр. Черноморец,Бургас,Созопол
С-68134-370,"ПГ ПО МЕХАНОЕЛЕКТРОТЕХНИКА ""Н.Й.Вапцаров""",Училищна спортна база,,София град,
С-56784-106,"Спортна зала по стрелба с лък към стадион ""Христо Ботев""",Стрелбище,гр. Пловдив,Пловдив,Пловдив
С-56784-107,Физкултурен салон в с. Труд,Друг,с. Труд,Пловдив,Марица
С-68134-174,"Национална гимназия за приложни изкуства ""Свети Лука"" - София",Училищна спортна база,гр. София,София (столица),Столична
С-65365-002,Спортна площадка,Спортна площадка,с. Сапарево,Кюстендил,Сапарева баня
